PLAYER,TEAM,AGE,HEIGHT,WEIGHT,COLLEGE,COUNTRY,DRAFT YEAR,DRAFT ROUND,DRAFT NUMBER,GP,PTS,REB,AST,NETRTG,OREB%,DREB%,USG%,TS%,AST%,POS,BODY FAT %,HAND LENGTH (INCHES),HAND WIDTH (INCHES),HEIGHT W/O SHOES,HEIGHT W/ SHOES,STANDING REACH,WEIGHT (LBS),WINGSPAN
Aaron Gordon,ORL,24,6'8,235,Arizona,USA,2014,1,4,58,14.4,7.6,3.7,2.0,5.10%,17.50%,20.30%,51.10%,16.40%,PF,5.05%,8.75,10.5,6' 7.5'',6' 8.75'',8' 9'',220.1,6' 11.75''
Aaron Holiday,IND,23,6'0,185,UCLA,USA,2018,1,23,58,9.4,2.3,3.3,1.9,1.50%,7.60%,18.80%,51.70%,19.10%,PG,6.40%,8.75,8.5,5' 11.75'',6' 0.75'',8' 1'',187,6' 7.5''
Admiral Schofield,WAS,23,6'5,241,Tennessee,United Kingdo...,2019,2,42,27,3.1,1.3,0.5,4.9,1.80%,9.20%,12.30%,51.40%,6.80%,SF,6.80%,8.75,9,6' 4'',6' 5.25'',8' 6.5'',240.6,6' 9.75''
Al Horford,PHI,34,6'9,240,Florida,Dominican Rep...,2007,1,3,60,12.0,6.9,4.1,3.5,5.00%,17.00%,17.40%,52.60%,18.50%,PF,9.10%,-,-,6' 8'',6' 9.75'',8' 11'',246,7' 0.75''
Alec Burks,PHI,28,6'6,214,Colorado,USA,2011,1,12,59,15.1,4.4,2.9,8.3,2.50%,13.40%,23.00%,54.90%,17.80%,SG,5.10%,9,8.25,6' 5'',6' 6'',8' 7.5'',192.6,6' 10''
Alex Len,SAC,27,7'0,250,Maryland,Ukraine,2013,1,5,49,8.3,6.0,1.0,5.6,9.60%,19.50%,17.80%,59.60%,8.50%,C,6.40%,9,10.75,,,,-,7' 3.5''
Alize Johnson,IND,24,6'7,212,Missouri State,USA,2018,2,50,13,1.4,1.4,0.2,4.7,11.90%,20.40%,14.20%,51.00%,4.50%,PF,8.10%,8.5,9.75,6' 7.25'',6' 8'',8' 7'',216.6,6' 8.75''
Allen Crabbe,MIN,28,6'5,212,California,USA,2013,2,31,37,4.6,2.1,0.9,15.0,1.40%,9.80%,12.20%,47.00%,7.30%,SG,4.65%,8.25,8.5,6' 5.25'',6' 6.25'',8' 7.5'',197.4,6' 11.25''
Allonzo Trier,NYK,24,6'4,200,Arizona,USA,Undrafted,Undrafted,Undrafted,24,6.5,1.2,1.2,11.1,1.80%,7.80%,20.80%,62.00%,16.40%,SG,4.95%,8.25,10.5,6' 3.75'',6' 5.25'',8' 2'',198,6' 6.75''
Andre Drummond,CLE,26,6'10,279,Connecticut,USA,2012,1,9,57,17.7,15.2,2.7,5.0,12.90%,33.60%,25.30%,55.30%,13.30%,C,7.50%,9.5,9.5,6' 9.75'',6' 11.75'',9' 1.5'',278.6,7' 6.25''
Andre Iguodala,MIA,36,6'6,215,Arizona,USA,2004,1,9,14,4.4,3.8,2.0,3.1,3.70%,14.20%,11.40%,55.90%,16.60%,SG-SF,6.70%,-,-,6' 5.75'',6' 6.75'',8' 9.5'',217,6' 11''
Anfernee Simons,POR,21,6'3,181,None,USA,2018,1,24,65,8.8,2.3,1.5,8.6,1.60%,7.90%,18.30%,50.60%,10.00%,SG-PG,7.70%,8.75,9,6' 2.25'',6' 3.25'',8' 3.5'',183.2,6' 9.25''
Anthony Davis,LAL,27,6'10,253,Kentucky,USA,2012,1,1,55,26.7,9.4,3.1,6.7,6.40%,19.70%,28.70%,61.40%,14.80%,PF-C,7.90%,9,8.5,6' 9.25'',6' 10.5'',9' 0'',221.8,7' 5.5''
Anthony Tolliver,MEM,35,6'8,240,Creighton,USA,Undrafted,Undrafted,Undrafted,47,3.5,2.8,0.7,7.2,3.70%,13.30%,11.00%,49.70%,6.00%,PF,5.70%,-,-,6' 7'',6' 8.5'',8' 11.5'',242,7' 2.5''
Austin Rivers,HOU,27,6'3,200,Duke,USA,2012,1,10,60,8.5,2.4,1.6,4.1,1.60%,7.90%,14.60%,53.80%,9.30%,SG-PG,6.20%,8.5,10,6' 3.5'',6' 5'',8' 0.5'',202.8,6' 7.25''
Avery Bradley,LAL,29,6'3,180,Texas,USA,2010,1,19,49,8.6,2.3,1.3,7.4,1.50%,7.70%,15.30%,53.70%,7.00%,SG-PG,4.00%,8.25,9.5,6' 2'',6' 3.25'',8' 2.5'',180.4,6' 7.25''
Ben McLemore,HOU,27,6'3,195,Kansas,USA,2013,1,7,63,9.8,2.2,0.9,6.7,1.30%,7.70%,15.40%,62.20%,5.10%,SG,5.00%,8.75,9.5,6' 3.5'',6' 4.75'',8' 4.5'',189.2,6' 7.75''
Blake Griffin,DET,31,6'9,250,Oklahoma,USA,2009,1,1,18,15.5,4.7,3.3,2.6,3.20%,12.80%,27.70%,47.60%,18.40%,PF,8.20%,-,-,6' 8.5'',6' 10'',8' 9'',248.4,6' 11.25''
Bobby Portis,NYK,25,6'10,250,Arkansas,USA,2015,1,22,66,10.1,5.1,1.5,7.9,5.30%,18.00%,20.70%,53.00%,11.20%,PF,8.90%,9.5,9.25,6' 9.5'',6' 10.5'',9' 0.5'',246.2,7' 2''
Bradley Beal,WAS,27,6'3,207,Florida,USA,2012,1,3,57,30.5,4.2,6.1,4.5,2.40%,9.50%,33.80%,57.90%,28.50%,SG,6.00%,8.5,9,6' 3.25'',6' 4.75'',8' 4'',201.8,6' 8''
Brandon Clarke,MEM,23,6'8,215,Gonzaga,Canada,2019,1,21,50,12.0,5.8,1.4,1.1,6.90%,17.70%,18.30%,67.00%,9.70%,SF,4.90%,8.25,9.5,6' 7.25'',6' 8.25'',8' 6'',207.2,6' 8.25''
Brandon Knight,DET,28,6'2,182,Kentucky,USA,2011,1,8,25,7.3,1.6,2.8,7.6,0.90%,9.30%,20.70%,50.30%,21.60%,PG,4.20%,8.25,9.5,6' 1.5'',6' 3.25'',8' 2.5'',176.8,6' 6.75''
Brian Bowen II,IND,21,6'6,190,None,USA,Undrafted,Undrafted,Undrafted,5,0.8,1.4,0.0,18.6,3.30%,18.20%,13.90%,22.20%,0.00%,SF,6.50%,8.5,9.75,6' 6.25'',6' 7.5'',8' 7'',200,6' 10''
Brook Lopez,MIL,32,7'0,282,Stanford,USA,2008,1,10,61,11.0,4.5,1.6,12.4,2.50%,11.90%,17.30%,53.70%,7.60%,C,6.30%,-,-,6' 11.25'',7' 0.5'',9' 5'',258,7' 5.5''
Bruce Brown,DET,23,6'4,202,Miami,USA,2018,2,42,58,8.9,4.7,4.0,4.3,3.80%,13.10%,15.90%,51.80%,20.80%,SG-PG,3.75%,8.5,8.5,6' 3.5'',6' 5'',8' 2.5'',194.6,6' 9''
Bruno Fernando,ATL,21,6'9,240,Maryland,Angola,2019,2,34,56,4.3,3.5,0.9,5.6,8.50%,17.90%,14.70%,54.20%,10.10%,C,5.40%,9.25,10,6' 8.75'',6' 10.25'',9' 2'',237,7' 3.25''
Buddy Hield,SAC,27,6'4,220,Oklahoma,Bahamas,2016,1,6,64,19.8,4.8,3.1,2.0,2.70%,12.40%,26.10%,56.60%,15.40%,SG,6.10%,8.5,9,6' 3.75'',6' 5'',8' 5'',212.4,6' 9.25''
CJ McCollum,POR,28,6'3,190,Lehigh,USA,2013,1,10,62,22.5,4.1,4.3,0.8,1.70%,8.60%,26.30%,54.30%,18.60%,PG-SG,8.60%,8,9.5,6' 2.25'',6' 3.25'',8' 0.5'',197,6' 6.25''
Caleb Martin,CHA,24,6'5,205,None,USA,Undrafted,Undrafted,Undrafted,18,6.2,2.1,1.3,0.8,3.00%,8.60%,15.20%,59.50%,12.20%,SF-SG,7.00%,8.5,8.75,6' 4.75'',6' 6'',8' 5.5'',195.8,6' 10''
Caleb Swanigan,POR,23,6'9,260,Purdue,USA,2017,1,26,27,2.4,3.7,1.1,6.5,9.90%,24.80%,13.20%,59.70%,13.80%,PF,-%,9.5,10.25,6' 7.5'',6' 8.5'',9' 0'',245.6,7' 3''
Cameron Johnson,PHX,24,6'8,210,North Carolina,USA,2019,1,11,49,8.1,2.9,1.1,2.7,3.70%,10.10%,15.40%,57.60%,7.80%,SG,5.80%,8,8.5,6' 7'',6' 8.5'',8' 7'',205.2,6' 10''
Caris LeVert,BKN,25,6'6,205,Michigan,USA,2016,1,20,39,17.7,4.1,4.1,0.1,3.20%,9.50%,27.70%,50.90%,22.90%,SG,7.55%,8.5,9.25,6' 5.75'',6' 7'',8' 5'',191,6' 10''
Carmelo Anthony,POR,36,6'8,238,Syracuse,USA,2003,1,3,50,15.3,6.3,1.6,0.3,3.70%,14.20%,21.80%,51.70%,6.90%,SF,8.00%,-,-,6' 6.25'',,8' 9.5'',233,7' 0''
Carsen Edwards,BOS,22,5'11,200,Purdue,USA,2019,2,33,35,3.0,1.2,0.6,6.4,1.60%,10.80%,16.80%,44.60%,11.60%,PG,5.50%,8.75,9,5' 10.75'',6' 0.25'',7' 10.5'',199.4,6' 6''
Chandler Parsons,ATL,31,6'9,230,Florida,USA,2011,2,38,5,2.8,1.4,0.6,29.0,1.50%,12.00%,15.00%,38.90%,10.00%,SF,7.00%,8.25,10,6' 8.75'',6' 9.75'',8' 8.5'',221.2,6' 9.5''
Chasson Randle,GSW,27,6'2,185,Stanford,USA,Undrafted,Undrafted,Undrafted,3,1.7,0.7,1.7,2.0,0.00%,5.30%,8.00%,37.70%,16.10%,PG,4.50%,8.5,9.5,6' 0.25'',6' 1.5'',8' 0.5'',178.8,6' 7''
Cheick Diallo,PHX,23,6'8,219,Kansas,Mali,2016,2,33,44,4.8,2.9,0.5,4.6,6.00%,21.20%,16.60%,68.80%,7.70%,PF,5.60%,8.5,9.75,6' 7.5'',6' 9'',8' 11.5'',218.6,7' 4.5''
Chimezie Metu,SAS,23,6'9,225,USC,USA,2018,2,49,16,2.9,1.6,0.4,2.5,12.50%,21.60%,23.80%,59.70%,14.00%,PF-C,5.05%,9,9.25,6' 8.5'',6' 9.5'',9' 0'',219.6,7' 0.5''
Chris Boucher,TOR,27,6'9,200,Oregon,Canada,Undrafted,Undrafted,Undrafted,55,6.3,4.4,0.4,5.4,12.00%,18.20%,18.30%,57.00%,4.90%,PF,5.40%,9.25,10.5,6' 8'',6' 9.5'',9' 2.5'',182.2,7' 4''
Chris Paul,OKC,35,6'1,175,Wake Forest,USA,2005,1,4,63,17.7,4.9,6.8,6.8,1.10%,14.10%,22.60%,60.90%,31.80%,PG,-%,-,-,5' 11.75'',6' 1'',7' 9'',178,6' 4.25''
Christian Wood,DET,24,6'10,214,UNLV,USA,Undrafted,Undrafted,Undrafted,62,13.1,6.3,1.0,2.0,7.90%,21.40%,22.30%,65.90%,7.40%,PF,14.70%,9.25,10.75,6' 9.25'',6' 10.5'',9' 3.5'',216,7' 3.25''
Coby White,CHI,20,6'4,195,North Carolina,USA,2019,1,7,65,13.2,3.5,2.7,4.4,1.50%,12.80%,23.50%,50.60%,16.20%,PG,4.30%,7.75,9,6' 3.5'',6' 4.75'',8' 1.5'',191.4,6' 5''
Cody Martin,CHA,24,6'5,205,Nevada'Reno,USA,2019,2,36,48,5.0,3.3,2.0,3.2,3.90%,14.00%,13.10%,50.50%,15.40%,PG-SG,5.00%,8.25,9,6' 4.75'',6' 5.5'',8' 6.5'',192.2,6' 10.25''
Cody Zeller,CHA,27,7'0,240,Indiana,USA,2013,1,4,58,11.1,7.1,1.5,8.3,11.00%,19.70%,20.10%,57.60%,11.10%,C-PF,4.75%,8.5,10.5,6' 10.75'',7' 0.25'',8' 10'',230,6' 10.75''
Collin Sexton,CLE,21,6'1,190,Alabama,USA,2018,1,8,65,20.8,3.1,3.0,9.2,2.80%,6.90%,26.40%,56.00%,14.60%,PG,5.60%,8.25,8.5,6' 0.5'',6' 1.5'',8' 2.5'',183,6' 7.25''
Cory Joseph,SAC,28,6'3,200,Texas,Canada,2011,1,29,64,6.3,2.5,3.4,0.4,2.40%,8.30%,12.80%,51.30%,19.90%,PG,9.70%,8.5,10.5,6' 2'',6' 3.25'',8' 3'',186.2,6' 5.5''
D.J. Augustin,ORL,32,5'11,183,Texas,USA,2008,1,9,49,10.4,2.2,4.6,2.0,1.40%,7.10%,18.40%,54.80%,28.00%,PG,8.10%,-,-,5' 10'',5' 11.5'',7' 10.5'',171.5,6' 3.5''
D.J. Wilson,MIL,24,6'10,231,Michigan,USA,2017,1,17,31,3.2,2.2,0.7,6.5,3.50%,16.90%,17.20%,47.60%,12.00%,PF,6.40%,9.25,10.25,6' 8.75'',6' 10.5'',9' 1.5'',234.4,7' 3''
DaQuan Jeffries,SAC,22,6'5,230,None,USA,Undrafted,Undrafted,Undrafted,6,1.2,0.2,0.2,5.7,3.60%,0.00%,13.70%,50.00%,6.70%,SF-PF,3.90%,9.5,10.25,6' 4'',6' 5'',8' 8'',215.6,6' 11.25''
Damian Jones,ATL,25,6'11,245,Vanderbilt,USA,2016,1,30,55,5.6,3.7,0.6,12.6,8.00%,15.30%,11.30%,71.20%,5.70%,C,6.55%,8.75,10.5,6' 10.25'',6' 11.5'',8' 11'',243.6,7' 3.75''
Damian Lillard,POR,29,6'2,195,Weber State,USA,2012,1,6,58,28.9,4.3,7.8,1.3,1.30%,9.10%,29.30%,61.90%,33.20%,PG,5.90%,8.75,9.75,6' 1.75'',6' 2.75'',7' 11.5'',188.8,6' 7.75''
Damyean Dotson,NYK,26,6'5,210,Houston,USA,2017,2,44,48,6.7,1.9,1.2,5.3,1.10%,9.10%,15.80%,52.70%,10.50%,SG-SF,5.30%,8.5,9.25,6' 4.5'',6' 5.5'',8' 4'',205.2,6' 9''
Daniel Gafford,CHI,21,6'10,234,Arkansas,USA,2019,2,38,43,5.1,2.5,0.5,1.9,8.10%,9.20%,13.10%,68.60%,5.10%,PF,5.90%,9.25,9.25,6' 9.25'',6' 10.5'',9' 2'',237.6,7' 2.25''
Danny Green,LAL,33,6'6,215,North Carolina,USA,2009,2,46,61,8.2,3.4,1.4,8.7,2.90%,10.00%,13.30%,56.40%,7.00%,SG-SF,5.60%,-,-,6' 5.25'',6' 6.5'',8' 7'',208,6' 10''
Dante Exum,CLE,24,6'5,214,None,Australia,2014,1,5,35,4.5,1.9,1.1,8.8,2.40%,10.90%,14.50%,57.60%,12.40%,SG,6.40%,8.5,9.5,6' 4.5'',6' 6'',8' 7'',196.3,6' 9.5''
Darius Bazley,OKC,20,6'8,208,None,USA,2019,1,23,53,4.5,3.7,0.5,3.3,2.20%,17.30%,13.70%,47.50%,4.60%,PF,3.60%,9,9.75,6' 7.75'',6' 9'',8' 11'',208.4,7' 0''
Darius Garland,CLE,20,6'1,192,Vanderbilt,USA,2019,1,5,59,12.3,1.9,3.9,8.7,1.40%,4.60%,20.10%,49.80%,18.20%,PG,-%,-,-,,,,-,
De'Andre Hunter,ATL,22,6'7,225,Virginia,USA,2019,1,4,63,12.3,4.5,1.8,5.5,2.10%,11.60%,17.30%,52.10%,7.90%,,-%,-,-,,,,-,
DeAndre Jordan,BKN,31,6'11,265,Texas A&M,USA,2008,2,35,56,8.3,10.0,1.9,1.8,10.50%,29.30%,13.60%,68.20%,13.20%,C,7.50%,-,-,6' 9.75'',6' 11'',9' 5.5'',250,7' 6''
DeMar DeRozan,SAS,30,6'6,220,USC,USA,2009,1,9,61,22.2,5.6,5.6,2.7,1.90%,14.20%,26.40%,59.70%,26.10%,SG-SF,4.90%,-,-,6' 5.5'',6' 6.5'',8' 6.5'',211.2,6' 9''
DeMarre Carroll,HOU,33,6'6,215,Missouri,USA,2009,1,27,21,3.5,2.2,0.9,7.7,5.10%,14.30%,15.80%,52.30%,9.90%,PF-SF,6.30%,-,-,6' 6.25'',6' 7.75'',8' 9'',207.2,6' 10''
Delon Wright,DAL,28,6'5,185,Utah,USA,2015,1,20,65,7.3,4.0,3.4,1.9,4.20%,12.60%,14.30%,56.30%,21.70%,PG,6.60%,8,8.5,6' 4.25'',6' 5.5'',8' 5.5'',181.4,6' 7.5'
Dennis Schroder,OKC,26,6'1,172,None,Germany,2013,1,17,63,19.0,3.7,4.1,6.0,1.00%,10.00%,26.20%,57.30%,22.00%,PG,4.10%,8.75,10.5,6' 1'',6' 2'',8' 2'',164.8,6' 7.75''
Denzel Valentine,CHI,26,6'4,220,Michigan State,USA,2016,1,14,36,6.8,2.1,1.2,5.0,1.60%,13.80%,22.90%,51.10%,14.70%,SG-SF,9.20%,8.5,9.75,6' 4'',6' 5.75'',8' 6'',210.4,6' 10.75''
Deonte Burton,OKC,26,6'4,240,Iowa State,USA,Undrafted,Undrafted,Undrafted,34,2.8,1.4,0.3,12.0,2.00%,12.40%,18.40%,42.60%,6.30%,PG,7.65%,8.25,8,6' 0'',6' 1.25'',8' 1.5'',192.8,6' 7''
Derrick Favors,NOP,28,6'9,265,Georgia Tech,USA,2010,1,3,45,9.2,9.9,1.7,5.8,12.40%,24.80%,13.90%,62.40%,9.10%,PF,6.50%,8.75,9.25,6' 8.75'',6' 10.25'',9' 2'',245.2,7' 4''
Derrick Rose,DET,31,6'2,200,Memphis,USA,2008,1,1,50,18.1,2.4,5.6,3.4,2.10%,7.10%,30.30%,55.50%,37.30%,PG,4.60%,-,-,6' 1.5'',6' 2.5'',8' 2.5'',196,6' 8''
Derrick Walton Jr.,LAC,25,6'0,185,Michigan,USA,Undrafted,Undrafted,Undrafted,26,2.0,0.6,1.0,0.9,0.70%,5.40%,7.90%,61.70%,15.50%,PG,5.80%,8,8.5,5' 11'',6' 0.75'',7' 11'',188.6,6' 2.5''
Derrick White,SAS,25,6'4,190,Colorado,USA,2017,1,29,61,10.4,3.2,3.4,0.3,2.00%,10.40%,17.50%,58.50%,19.90%,PG,6.20%,8.25,8.5,6' 3.25'',6' 4.5'',8' 5.5'',189.8,6' 7.5''
Devin Booker,PHX,23,6'5,206,Kentucky,USA,2015,1,13,62,26.1,4.2,6.6,1.2,1.20%,10.30%,28.90%,61.70%,29.00%,SG,8.30%,8.75,9,6' 4.5'',6' 5.75'',8' 6.5'',205.8,6' 8.25''
Devon Hall,OKC,24,6'5,215,Virginia,USA,2018,2,53,5,1.0,0.2,0.6,46.5,0.00%,4.30%,16.70%,37.00%,17.60%,SG,8.45%,8.5,10,6' 4.25'',6' 6'',8' 6'',206.4,6' 7.75''
Dewan Hernandez,TOR,23,6'10,235,Miami,USA,2019,2,59,4,1.0,1.8,0.0,0.3,20.00%,33.30%,23.30%,34.00%,0.00%,C,6.10%,9.5,10.25,6' 9'',6' 10.25'',8' 11'',232.8,7' 1.75''
Dewayne Dedmon,ATL,30,7'0,245,USC,USA,Undrafted,Undrafted,Undrafted,44,5.8,5.7,0.5,0.7,7.50%,24.10%,17.90%,47.30%,4.10%,C,8.35%,9,11,6' 10'',6' 11.5'',9' 1'',238.8,7' 4''
Dillon Brooks,MEM,24,6'7,225,Oregon,Canada,2017,2,45,65,15.7,3.3,2.0,0.3,3.10%,7.50%,24.50%,50.80%,10.00%,SG-SF,7.50%,8.25,9.25,6' 5'',6' 6'',8' 4.5'',220.2,6' 6''
Dion Waiters,LAL,28,6'3,210,Syracuse,USA,2012,1,4,3,9.3,3.7,1.0,13.5,0.00%,20.80%,29.60%,53.00%,12.50%,SG,8.50%,8.5,9.5,6' 2.5'',6' 4'',8' 2'',221,6' 7.25''
Donovan Mitchell,UTA,23,6'1,215,Louisville,USA,2017,1,13,63,24.2,4.4,4.2,2.5,2.10%,10.20%,30.50%,56.00%,21.00%,SG,5.90%,8.5,9.5,6' 1.25'',6' 3'',8' 1'',211.4,6' 10''
Donte DiVincenzo,MIL,23,6'4,203,Villanova,USA,2018,1,17,59,9.4,4.9,2.3,13.9,4.10%,14.30%,16.50%,57.00%,13.20%,SG,5.00%,8.25,9,6' 3.5'',6' 4.5'',8' 1.5'',200.6,6' 6''
Doug McDermott,IND,28,6'7,225,Creighton,USA,2014,1,11,62,10.4,2.5,1.1,4.0,1.80%,9.80%,18.60%,62.60%,8.00%,SF,7.10%,8.75,9.75,6' 6.25'',6' 7.75'',8' 7'',218,6' 9.25''
Draymond Green,GSW,30,6'6,230,Michigan State,USA,2012,2,35,43,8.0,6.2,6.2,7.2,1.80%,19.20%,15.60%,48.90%,31.00%,PF-SF,11.30%,9,9.5,6' 5.75'',6' 7.5'',8' 9'',235.6,7' 1.25''
Dwayne Bacon,CHA,24,6'6,221,Florida State,USA,2017,2,40,39,5.7,2.6,1.3,8.2,2.00%,12.40%,18.90%,41.90%,12.10%,SG-SF,7.90%,8.75,10,6' 4.75'',6' 6.25'',8' 7.5'',221.6,6' 10''
Dwight Howard,LAL,34,6'10,265,None,USA,2004,1,1,62,7.5,7.4,0.7,6.8,12.70%,25.00%,14.30%,69.60%,4.80%,PF-C,10.50%,-,-,6' 9'',6' 10.25'',9' 3.5'',240,7' 4.5''
Dwight Powell,DAL,28,6'10,240,Stanford,Canada,2014,2,45,40,9.4,5.7,1.5,8.9,7.10%,13.20%,12.60%,67.70%,7.60%,PF,6.20%,9,9.25,6' 9.5'',6' 11'',8' 9'',234.4,7' 0.5''
E'Twaun Moore,NOP,31,6'3,191,Purdue,USA,2011,2,55,51,8.6,2.4,1.4,1.9,2.70%,9.50%,19.60%,50.90%,10.90%,SG,7.60%,9,10,6' 2.5'',6' 4'',8' 3.5'',191.4,6' 9.5''
Ed Davis,UTA,31,6'9,218,North Carolina,USA,2010,1,13,25,1.3,3.8,0.3,13.8,10.20%,24.00%,8.40%,42.50%,4.50%,PF,10.00%,9.25,10,6' 9'',6' 9.75'',9' 0'',226.6,7' 0''
Edmond Sumner,IND,24,6'4,196,Xavier,USA,2017,2,52,25,4.6,1.5,1.6,3.7,2.90%,7.30%,17.10%,48.50%,15.10%,PG,8.30%,8.25,9,6' 4'',6' 5.75'',8' 6.5'',176.4,6' 9''
Elfrid Payton,NYK,26,6'3,195,Louisana'Lafayette,USA,2014,1,10,45,10.0,4.7,7.2,3.0,3.90%,12.60%,19.00%,47.00%,34.70%,PG,5.65%,8.75,9,6' 2.5'',6' 3.75'',8' 2.5'',185.4,6' 8''
Enes Kanter,BOS,28,6'10,250,,Turkey,2011,1,3,51,8.2,7.7,1.0,8.3,15.00%,26.60%,18.50%,59.40%,8.20%,PF-C,5.90%,9.5,10.75,6' 9.75'',6' 11.25'',9' 1.5'',259.2,7' 1.5''
Eric Bledsoe,MIL,30,6'1,214,Kentucky,USA,2010,1,18,56,15.4,4.6,5.4,13.3,2.60%,11.90%,23.60%,57.90%,27.40%,PG,5.60%,8.5,9.75,6' 0.25'',6' 1.5'',8' 2'',191.6,6' 7.5''
Eric Gordon,HOU,31,6'3,215,Indiana,USA,2008,1,7,34,14.5,1.9,1.5,1.4,0.70%,5.40%,21.10%,51.10%,7.90%,SG,8.20%,-,-,6' 2'',6' 3.25'',8' 3'',222,6' 9''
Eric Paschall,GSW,23,6'6,255,Villanova,USA,2019,2,41,60,14.0,4.6,2.1,10.6,4.70%,11.60%,20.70%,57.10%,12.60%,SF,6.30%,9,9.5,6' 6'',6' 7.25'',8' 7.5'',254.4,6' 11.75''
Ersan Ilyasova,MIL,33,6'9,235,None,Turkey,2005,2,36,56,6.8,4.9,0.8,6.9,6.30%,21.10%,16.10%,59.10%,6.90%,SF,-%,-,-,6' 7.75'',6' 9'',9' 1.5'',208.8,7' 1.25''
Evan Turner,MIN,31,6'6,220,Ohio State,USA,2010,1,2,19,3.3,2.0,2.0,11.4,2.80%,10.70%,15.40%,42.40%,23.50%,SG,8.60%,8.75,9.5,6' 5.75'',6' 7'',8' 7.5'',213.8,6' 8''
Frank Jackson,NOP,22,6'3,205,Duke,USA,2017,2,31,51,5.6,1.4,0.8,5.9,2.60%,7.20%,19.60%,50.00%,8.60%,PG,6.70%,8.25,9,6' 2'',6' 3.5'',8' 2'',201.6,6' 7.5''
Frank Kaminsky,PHX,27,7'0,240,Wisconsin,USA,2015,1,9,32,11.0,4.9,2.2,2.3,3.90%,17.70%,20.20%,55.40%,15.10%,C-PF,9.40%,8.5,9.5,6' 11.75'',7' 0.75'',9' 1.5'',231.2,6' 11''
Gary Harris,DEN,25,6'4,210,Michigan State,USA,2014,1,19,56,10.4,2.9,2.1,3.4,1.50%,7.70%,15.00%,51.90%,9.10%,SG,4.55%,8.5,9.5,6' 2.5'',6' 4.5'',8' 0'',204.8,6' 6.75''
Gary Payton II,WAS,27,6'3,195,Oregon State,USA,Undrafted,Undrafted,Undrafted,29,3.9,2.8,1.7,14.3,5.30%,12.70%,12.90%,47.30%,15.80%,PG,3.95%,8.75,9.5,6' 2'',6' 3'',8' 3.5'',183.8,6' 8''
George Hill,MIL,34,6'3,188,None,USA,2008,1,26,52,9.6,3.0,2.9,11.5,3.90%,8.50%,15.50%,66.80%,18.90%,PG,3.00%,-,-,6' 1.25'',6' 2.5'',8' 1.5'',181,6' 9''
Georges Niang,UTA,27,6'7,230,Iowa State,USA,2016,2,50,58,5.8,1.9,0.6,1.2,1.50%,11.90%,16.20%,61.20%,6.60%,PF,10.05%,9.25,9.25,6' 6.75'',6' 8.5'',8' 7'',230.8,6' 10''
Glenn Robinson III,PHI,26,6'6,222,Michigan,USA,2014,2,40,60,11.8,4.3,1.6,7.9,4.20%,10.40%,16.00%,57.60%,8.30%,SF,5.05%,9,9.5,6' 5.5'',6' 6.75'',8' 4.5'',211.4,6' 10''
Gordon Hayward,BOS,30,6'7,225,Butler,USA,2010,1,9,45,17.3,6.5,4.1,8.0,2.90%,15.60%,20.40%,59.30%,18.00%,SF,6.90%,8.5,9.25,6' 6.75'',6' 8'',8' 7'',211,6' 7.75''
Gorgui Dieng,MEM,30,6'10,252,Louisville,Senegal,2013,1,21,58,7.4,5.8,1.2,3.9,7.60%,22.70%,17.60%,56.40%,11.50%,C,5.35%,9,10,6' 9.75'',6' 10.75'',9' 3.5'',229.6,7' 3.5''
Grant Williams,BOS,21,6'6,236,Tennessee,USA,2019,1,22,62,3.5,2.7,1.0,7.4,5.60%,10.30%,11.00%,50.80%,8.40%,PF,5.40%,9,10.5,6' 5.75'',6' 7.5'',8' 8.5'',240.2,6' 9.75''
Grayson Allen,MEM,24,6'4,198,Duke,USA,2018,1,21,30,7.4,2.2,1.4,6.5,0.90%,11.80%,17.30%,57.70%,11.90%,SG,5.55%,8.25,10,6' 3'',6' 4.5'',8' 1'',198,6' 7.25''
Hamidou Diallo,OKC,21,6'5,202,Kentucky,USA,2018,2,45,38,6.1,3.2,0.6,1.9,4.00%,11.90%,16.40%,48.80%,4.50%,SG,4.45%,8.75,9,6' 4.25'',6' 6'',8' 7'',197,6' 11.5''
Harrison Barnes,SAC,28,6'8,225,North Carolina,USA,2012,1,7,64,14.7,4.8,2.4,1.2,2.70%,10.80%,17.20%,57.50%,9.80%,SF-SG,9.60%,9,8.5,6' 7'',6' 8'',8' 5.5'',227.8,6' 11.25''
Hassan Whiteside,POR,31,7'0,265,Marshall,USA,2010,2,33,61,16.3,14.2,1.2,2.3,12.30%,29.60%,19.50%,64.10%,5.80%,C-PF,5.50%,8.25,10.25,6' 10.5'',6' 11.5'',9' 5'',226.6,7' 7''
Henry Ellenson,BKN,23,6'10,240,Marquette,USA,2016,1,18,5,0.4,1.2,0.2,27.3,11.10%,19.00%,15.90%,14.30%,12.50%,PF,11.20%,8.5,9.75,6' 10'',6' 11.5'',9' 0'',242,7' 2.25''
Ignas Brazdeikis,NYK,21,6'6,221,Michigan,Lithuania,2019,2,47,9,1.9,0.6,0.4,7.1,3.60%,6.80%,21.80%,35.10%,11.40%,SF,6.00%,8.75,9.5,6' 5.75'',6' 7.25'',8' 6'',220.8,6' 9.25''
Iman Shumpert,BKN,30,6'5,212,Georgia Tech,USA,2011,1,17,13,4.2,2.6,0.9,9.0,3.50%,9.20%,13.40%,40.30%,7.80%,PG-SG,6.50%,9,9,6' 4.25'',6' 5.5'',8' 3.5'',221.8,6' 9.5''
Isaiah Roby,OKC,22,6'8,230,University of Nebraska'Lincoln,USA,2019,2,45,3,0.0,0.7,0.0,11.5,0.00%,16.70%,7.10%,0.00%,0.00%,PF,3.90%,9,10.5,6' 7.25'',6' 8.5'',8' 10'',214,7' 1''
Isaiah Thomas,WAS,31,5'9,185,Washington,USA,2011,2,60,40,12.2,1.7,3.7,10.4,1.10%,6.30%,23.60%,53.10%,22.40%,PG,6.70%,8.25,9,5' 8.75'',5' 10.25'',7' 7.5'',186,6' 1.75''
JJ Redick,NOP,36,6'3,200,Duke,USA,2006,1,11,54,14.9,2.6,2.0,0.2,0.60%,8.60%,19.30%,63.90%,10.60%,SG,7.00%,-,-,6' 4'',6' 4.75'',8' 1.5'',190,6' 3.25''
Ja Morant,MEM,20,6'3,174,Murray State,USA,2019,1,2,59,17.6,3.5,6.9,0.4,2.50%,8.20%,25.80%,56.80%,34.80%,PG,-%,-,-,,,,-,
JaMychal Green,LAC,30,6'8,227,Alabama,USA,Undrafted,Undrafted,Undrafted,55,6.5,6.3,0.8,5.3,6.10%,21.00%,12.90%,55.40%,5.10%,PF,9.80%,9.25,9.25,6' 8'',6' 9'',8' 10.5'',217.4,7' 2.25''
JaVale McGee,LAL,32,7'0,270,Nevada'Reno,USA,2008,1,18,61,6.8,5.8,0.6,8.9,11.00%,21.60%,14.60%,65.50%,4.40%,C-PF,5.30%,-,-,6' 11'',7' 0'',9' 6.5'',241,7' 6''
Jacob Evans,MIN,23,6'4,210,Cincinnati,USA,2018,1,28,29,4.4,1.4,1.1,11.0,1.90%,7.70%,16.70%,43.60%,12.00%,SG-SF,6.50%,9,9.25,6' 4.25'',6' 5.5'',8' 6.5'',199.6,6' 9.25''
Jae Crowder,MIA,29,6'6,235,Marquette,USA,2012,2,34,58,10.4,6.1,2.6,3.7,2.70%,17.10%,15.30%,53.20%,12.00%,SF,9.00%,9.5,10.5,6' 4.75'',6' 6.5'',8' 3.5'',241.2,6' 9.25''
Jake Layman,MIN,26,6'8,209,Maryland,USA,2016,2,47,23,9.1,2.5,0.7,2.0,3.00%,7.50%,16.50%,54.40%,4.10%,SF,7.10%,8.25,9.25,6' 8'',6' 9.25'',8' 6'',208.6,6' 9.25''
Jakob Poeltl,SAS,24,7'1,245,Utah,Austria,2016,1,9,58,5.3,5.3,1.8,3.9,10.20%,19.80%,12.50%,61.10%,13.60%,C,5.80%,9.25,10.25,7' 0.25'',7' 1'',9' 3.5'',239,7' 2.75''
Jalen Brunson,DAL,23,6'1,190,Villanova,USA,2018,2,33,57,8.2,2.4,3.3,7.6,2.10%,10.00%,19.90%,55.30%,26.50%,PG,6.70%,8.25,9.25,6' 1'',6' 2.25'',8' 0'',198.4,6' 4''
Jalen Lecque,PHX,20,6'4,185,None,USA,Undrafted,Undrafted,Undrafted,4,2.5,0.0,0.5,29.1,0.00%,0.00%,21.40%,46.00%,13.30%,PG,4.00%,8.75,8.5,6' 2.5'',6' 4.25'',8' 2.5'',185.2,6' 8.5''
Jalen McDaniels,CHA,22,6'10,205,San Diego State,USA,2019,2,52,16,5.6,4.1,0.8,3.6,5.00%,17.20%,13.10%,57.40%,6.90%,SF,5.70%,9,10,6' 8.25'',6' 9.75'',8' 9.5'',191.6,7' 0.25''
James Harden,HOU,30,6'5,220,Arizona State,USA,2009,1,3,61,34.4,6.4,7.4,5.6,2.60%,13.20%,35.80%,61.60%,35.60%,SG,10.10%,-,-,6' 4'',6' 5.25'',8' 7.5'',222,6' 10.75''
James Johnson,MIN,33,6'7,240,Wake Forest,USA,2009,1,16,32,8.4,3.7,2.3,4.6,3.80%,14.50%,18.60%,57.20%,17.70%,SF-PF,12.00%,-,-,6' 7'',6' 7.75'',8' 9.5'',257.2,7' 0.75''
Jared Dudley,LAL,34,6'6,237,Boston College,USA,2007,1,22,40,1.5,1.1,0.5,2.5,1.60%,11.30%,8.00%,57.00%,8.60%,SF,7.10%,-,-,6' 5'',6' 7.25'',8' 6'',219,6' 7''
Jared Harper,NYK,22,5'10,175,None,USA,Undrafted,Undrafted,Undrafted,3,0.7,0.0,0.0,61.1,0.00%,0.00%,22.20%,25.00%,0.00%,PG,3.90%,8.25,9.5,5' 9.75'',5' 11'',7' 10'',169.2,6' 5.5''
Jarrett Allen,BKN,22,6'11,243,Texas,USA,2017,1,22,64,10.6,9.5,1.3,0.5,10.90%,22.80%,14.80%,65.80%,7.50%,C,7.40%,9.5,10.5,6' 9'',6' 10.25'',9' 1.5'',233.6,7' 5.25''
Jarrett Culver,MIN,21,6'6,195,Texas Tech,USA,2019,1,6,63,9.2,3.4,1.7,3.3,4.10%,9.20%,18.70%,46.70%,10.50%,SG,5.00%,8.25,8.5,6' 5.25'',6' 6.75'',8' 4.5'',194.2,6' 9.5''
Jarrod Uthoff,WAS,27,6'9,220,Iowa,USA,Undrafted,Undrafted,Undrafted,4,1.0,0.3,0.0,24.4,7.10%,0.00%,20.50%,25.40%,0.00%,PF,6.00%,8.75,9,6' 8.5'',6' 9.75'',8' 8'',214.4,6' 11.5''
Jaxson Hayes,NOP,20,6'11,220,Texas,USA,2019,1,8,56,7.5,4.0,0.9,2.1,8.10%,13.70%,14.80%,67.50%,7.70%,PF,5.00%,9.25,10.5,6' 10.25'',6' 11.5'',9' 2.5'',218.6,7' 3.5''
Jaylen Brown,BOS,23,6'6,223,California,USA,2016,1,3,50,20.4,6.4,2.2,6.5,3.10%,14.80%,24.50%,58.90%,10.00%,SG-SF,5.05%,8.75,9,6' 5.25'',6' 6.75'',8' 6.5'',222.8,6' 11.75''
Jaylen Nowell,MIN,20,6'4,201,Washington,USA,2019,2,43,15,3.8,0.9,1.3,1.2,1.60%,6.50%,16.50%,47.10%,19.40%,SG,6.10%,8.25,8.5,6' 3.25'',6' 4.25'',8' 2'',202.4,6' 7.25''
Jeff Green,HOU,33,6'8,235,Georgetown,USA,2007,1,5,40,8.4,2.8,0.8,2.7,3.00%,11.20%,18.50%,57.50%,6.50%,SF,3.70%,-,-,6' 7'',6' 9.5'',8' 7'',228,7' 1.25''
Jeff Teague,ATL,32,6'3,195,Wake Forest,USA,2009,1,19,59,10.9,2.4,5.2,5.7,1.70%,7.40%,19.20%,55.70%,30.60%,PG,4.50%,-,-,6' 0.25'',6' 1.5'',8' 2.5'',175.2,6' 7.5''
Jerami Grant,DEN,26,6'8,210,Syracuse,USA,2014,2,39,64,11.6,3.5,1.2,2.1,3.20%,10.20%,17.60%,58.50%,6.90%,SF,3.75%,9.25,9.25,6' 6.5'',6' 7.75'',8' 11'',214,7' 2.75''
Jeremy Lamb,IND,28,6'5,180,Connecticut,USA,2012,1,12,46,12.5,4.3,2.1,0.9,1.90%,13.50%,19.50%,54.70%,10.70%,SG,4.50%,8.75,9.25,6' 4'',6' 5.25'',8' 6'',179.2,6' 11''
Jeremy Pargo,GSW,34,6'2,219,Gonzaga,USA,Undrafted,Undrafted,Undrafted,3,8.3,1.0,2.7,2.4,2.40%,4.80%,26.80%,55.70%,30.80%,PG,7.60%,-,-,6' 0.5'',6' 1.5'',8' 0'',208,6' 5''
Jerome Robinson,WAS,23,6'4,190,Boston College,USA,2018,1,13,55,3.7,1.9,1.2,2.2,1.10%,11.50%,13.90%,43.90%,11.70%,SG,6.05%,9,10,6' 4'',6' 5'',8' 2'',188.4,6' 7.25''
Jevon Carter,PHX,24,6'1,200,West Virginia,USA,2018,2,32,50,4.6,2.0,1.3,3.8,3.30%,9.50%,13.80%,53.50%,12.90%,PG,4.15%,9.25,8.5,6' 0.25'',6' 1.5'',7' 11'',196.2,6' 4.25''
Jimmy Butler,MIA,30,6'7,230,Marquette,USA,2011,1,30,54,20.2,6.6,6.1,4.9,5.40%,13.70%,24.80%,58.30%,28.40%,SF,5.40%,9,9,6' 6'',6' 7.75'',8' 5.5'',222.2,6' 7.5''
Joe Harris,BKN,28,6'6,220,Virginia,USA,2014,2,33,63,13.9,4.3,2.1,1.6,2.80%,10.00%,17.60%,59.20%,9.80%,SG,6.20%,8.5,9.75,6' 4.75'',6' 6.25'',8' 4'',215,6' 6''
Joe Ingles,UTA,32,6'7,220,None,Australia,Undrafted,Undrafted,Undrafted,64,9.8,4.0,5.2,5.8,1.20%,11.40%,14.70%,58.80%,24.00%,SF,10.10%,-,-,6' 7.75'',6' 8.25'',8' 9'',209.2,6' 10.25''
John Collins,ATL,22,6'9,235,Wake Forest,USA,2017,1,19,41,21.6,10.1,1.5,5.1,8.00%,20.80%,22.40%,65.90%,7.50%,PF,5.40%,9,10,6' 8.25'',6' 9.5'',8' 10.5'',225.2,6' 11.25''
John Henson,DET,29,6'9,219,North Carolina,USA,2012,1,14,40,5.5,4.1,1.4,0.7,7.70%,19.10%,16.00%,57.80%,13.30%,PF,8.60%,9.25,10,6' 9'',6' 10.5'',9' 4'',216,7' 5''
Johnathan Motley,LAC,25,6'8,230,Baylor,USA,Undrafted,Undrafted,Undrafted,13,2.2,0.8,0.6,5.7,7.70%,18.90%,23.50%,77.40%,30.80%,PF,-%,9,9.5,6' 7.75'',6' 8.75'',9' 0'',238.2,7' 4''
Jordan Bell,CLE,25,6'8,216,Oregon,USA,2017,2,38,29,3.2,2.8,0.6,1.6,11.00%,18.70%,15.90%,57.70%,9.00%,PF,5.40%,9.25,9.5,6' 7'',6' 8.5'',8' 8.5'',223.6,6' 11.75''
Jordan Bone,DET,22,6'3,180,Tennessee,USA,2019,2,57,10,1.2,0.4,0.8,2.9,0.00%,9.10%,17.10%,30.00%,23.50%,SG,5.00%,7.5,9.25,6' 1.5'',6' 2.75'',7' 11'',179,6' 3.25''
Jordan Clarkson,UTA,28,6'4,194,Missouri,USA,2014,2,46,63,15.1,2.7,2.0,0.4,3.00%,7.60%,24.60%,58.30%,13.10%,PG,4.30%,8.25,9,6' 3.25'',6' 5'',8' 2'',186.3,6' 8''
Jordan McRae,DET,29,6'5,179,Tennessee,USA,2014,2,58,37,11.5,3.4,2.5,4.1,2.20%,13.90%,23.90%,51.50%,17.40%,SG,5.20%,8.75,8.5,6' 3.75'',6' 5.25'',8' 8'',179.4,7' 0.5''
Jordan Poole,GSW,21,6'4,194,Michigan,USA,2019,1,28,57,8.8,2.1,2.4,8.2,0.70%,8.70%,20.00%,45.40%,16.00%,SG,7.50%,8.25,8.5,6' 3.5'',6' 5.5'',8' 3.5'',190.8,6' 6.75''
Josh Hart,NOP,25,6'5,215,Villanova,USA,2017,1,30,57,10.2,6.5,1.6,2.9,3.10%,19.00%,14.90%,55.60%,8.20%,SG-SF,5.80%,8.5,9.5,6' 3.75'',6' 5'',8' 5'',209.2,6' 8.25''
Josh Okogie,MIN,21,6'4,213,Georgia Institute of Technology,Nigeria,2018,1,20,62,8.6,4.3,1.6,4.7,5.00%,11.40%,14.80%,55.30%,8.90%,SG,5.20%,9,9.75,6' 3'',6' 4.5'',8' 6'',210.8,7' 0''
Jrue Holiday,NOP,30,6'3,205,UCLA,USA,2009,1,17,55,19.6,4.9,6.9,0.6,3.40%,9.60%,24.40%,53.50%,28.90%,PG-SG,6.30%,-,-,6' 3.25'',6' 4.25'',8' 4.5'',199,6' 7''
Julius Randle,NYK,25,6'8,250,Kentucky,USA,2014,1,7,64,19.5,9.7,3.1,5.9,6.70%,22.30%,27.10%,53.80%,15.80%,PF,9.40%,8.75,8.25,6' 7.75'',6' 9'',8' 9.5'',249.7,7' 0''
Justin Anderson,BKN,26,6'5,231,Virginia,USA,2015,1,21,3,1.0,0.7,0.0,25.4,0.00%,9.10%,15.90%,21.80%,0.00%,SF-SG,5.00%,8.5,9.5,6' 5.25'',6' 6.25'',8' 5'',230.6,6' 11.75''
Justin Jackson,DAL,25,6'7,220,North Carolina,USA,2017,1,15,58,5.7,2.4,0.8,0.7,2.70%,12.00%,15.30%,49.80%,7.20%,PF,8.90%,9,9.5,6' 6'',6' 6.75'',8' 9'',229.4,7' 3''
Justin Patton,DET,23,6'11,241,Creighton,USA,2017,1,16,5,1.8,1.0,0.4,32.0,4.20%,17.40%,19.40%,45.00%,11.10%,C,7.80%,8.75,9.75,6' 10'',6' 11.25'',9' 3.5'',229,7' 3''
Justise Winslow,MEM,24,6'6,222,Duke,USA,2015,1,10,11,11.3,6.6,4.0,6.4,4.30%,15.40%,19.00%,44.00%,18.30%,SF,5.30%,8.5,9.25,6' 4.5'',6' 6.5'',8' 8.5'',221.8,6' 10.25''
KZ Okpala,MIA,21,6'8,215,Stanford,USA,2019,2,32,5,1.4,1.0,0.2,31.7,3.80%,16.00%,10.20%,59.50%,7.70%,SF,4.60%,9.25,9.25,6' 7.25'',6' 9.5'',8' 10.5'',209.6,7' 1.75''
Kadeem Allen,NYK,27,6'1,200,Arizona,USA,2017,2,53,10,5.0,0.9,2.1,10.1,1.60%,6.50%,19.10%,51.20%,25.90%,PG,6.40%,8.5,8.75,6' 1'',6' 2.25'',8' 3.5'',192.4,6' 9.25''
Kawhi Leonard,LAC,29,6'7,225,San Diego State,USA,2011,1,15,51,26.9,7.3,5.0,11.4,3.00%,18.00%,32.80%,58.50%,26.20%,SF,5.40%,9.75,11.25,6' 6'',6' 7'',8' 10'',227.4,7' 3''
Keldon Johnson,SAS,20,6'5,220,Kentucky,USA,2019,1,29,9,4.6,1.9,0.7,13.7,5.50%,12.10%,18.10%,57.90%,9.10%,SG,5.60%,8,9.25,6' 4.75'',6' 6'',8' 8'',216.4,6' 9.25''
Kelly Olynyk,MIA,29,6'11,240,Gonzaga,Canada,2013,1,13,59,7.7,4.4,1.6,2.9,3.40%,19.20%,15.90%,64.00%,13.00%,PF-C,6.65%,8.5,10,6' 10.75'',7' 0'',9' 0'',234,6' 9.75''
Kemba Walker,BOS,30,6'0,184,Connecticut,USA,2011,1,9,50,21.2,4.1,4.9,7.5,2.00%,10.40%,27.30%,56.90%,23.30%,PG,5.90%,8,9,5' 11.5'',6' 1'',7' 7.5'',184,6' 3.5''
Kenrich Williams,NOP,25,6'6,210,None,USA,Undrafted,Undrafted,Undrafted,35,3.8,5.1,1.5,2.3,5.60%,15.80%,9.00%,43.00%,8.80%,SF,5.95%,8.5,9.75,6' 6'',6' 7.5'',8' 7.5'',200.4,6' 7.25''
Kevin Hervey,OKC,23,6'9,230,Texas'Arlington,USA,2018,2,57,7,0.3,0.3,0.1,13.3,0.00%,10.00%,22.00%,9.10%,10.00%,PF,5.15%,9.25,10.25,6' 6.5'',6' 7.75'',8' 11'',211.6,7' 3.5''
Kevin Huerter,ATL,21,6'7,190,Maryland,USA,2018,1,19,56,12.2,4.1,3.8,6.1,1.90%,10.60%,16.90%,53.60%,17.10%,SG,8.60%,8.25,8.5,6' 6.25'',6' 7.25'',8' 5.5'',194,6' 7.5''
Kevin Love,CLE,31,6'8,251,UCLA,USA,2008,1,5,56,17.6,9.8,3.2,8.0,3.00%,28.60%,22.50%,59.90%,15.00%,PF,12.90%,-,-,6' 7.75'',6' 9.5'',8' 10'',255,6' 11.25''
Kevin Porter Jr.,CLE,20,6'4,203,USC,USA,2019,1,30,50,10.0,3.2,2.2,11.2,1.80%,12.10%,20.20%,53.50%,14.70%,SG,5.10%,8.75,8.75,6' 4'',6' 5.5'',8' 7'',212.6,6' 9''
Kevon Looney,GSW,24,6'9,222,UCLA,USA,2015,1,30,20,3.4,3.3,1.0,18.3,9.80%,15.10%,14.70%,40.30%,12.00%,PF,11.90%,9.5,9.25,6' 8'',6' 9.25'',9' 2'',222.4,7' 3.5''
Khem Birch,ORL,27,6'9,233,UNLV,Canada,Undrafted,Undrafted,Undrafted,40,3.8,4.5,0.9,6.2,8.10%,14.50%,9.20%,52.90%,6.50%,PF,6.00%,9,8.5,6' 7.5'',6' 9.25'',8' 11'',208.8,7' 1''
Khris Middleton,MIL,28,6'7,222,Texas A&M,USA,2012,2,39,55,21.1,6.2,4.1,13.8,2.30%,15.60%,25.90%,61.90%,20.00%,SF,7.80%,9,9,6' 6.75'',6' 8.25'',8' 7'',216.2,6' 10.75''
Khyri Thomas,DET,24,6'3,210,Creighton,USA,2018,2,38,8,2.1,0.1,0.4,28.7,1.20%,0.00%,14.90%,45.30%,9.70%,SG,6.40%,8.75,9.25,6' 2.5'',6' 3.75'',8' 5'',198.8,6' 10.5''
Kostas Antetokounmpo,LAL,22,6'10,200,University of Dayton,Greece,2018,2,60,3,0.0,0.3,0.3,16.7,0.00%,33.30%,0.00%,0.00%,16.70%,PF,5.00%,9.25,9.5,6' 9'',6' 10.5'',9' 2'',194.8,7' 2.25''
Kris Dunn,CHI,26,6'3,205,Providence,USA,2016,1,5,51,7.3,3.6,3.4,0.1,1.70%,13.20%,14.50%,51.00%,19.80%,PG,-%,-,-,6' 3'',6' 4.25'',8' 4'',0,6' 9.5''
Ky Bowman,GSW,23,6'1,187,None,USA,Undrafted,Undrafted,Undrafted,45,7.4,2.7,2.9,8.4,2.20%,9.30%,16.80%,49.40%,20.20%,PG,4.90%,8.25,9,6' 1'',6' 2.25'',8' 2'',181.2,6' 7''
Kyle Anderson,MEM,26,6'9,230,UCLA,USA,2014,1,30,59,5.7,4.4,2.2,4.1,4.60%,15.60%,13.20%,54.20%,15.60%,SF,13.35%,8.25,8.75,6' 7.5'',6' 8.5'',8' 11.5'',230.1,7' 2.75''
Kyle Guy,SAC,22,6'1,167,Virginia,USA,2019,2,55,2,1.0,0.0,0.0,30.0,0.00%,0.00%,20.00%,50.00%,0.00%,SG,5.70%,8,8.75,6' 0.75'',6' 2.25'',7' 11.5'',167.8,6' 4.5''
Kyle Korver,MIL,39,6'7,212,Creighton,USA,2003,2,51,50,6.7,2.1,1.2,7.9,1.60%,8.80%,14.70%,61.30%,9.30%,SF,6.70%,-,-,6' 6.25'',,8' 6.5'',211,6' 9.5''
Kyle Kuzma,LAL,24,6'8,221,Utah,USA,2017,1,27,54,12.5,4.5,1.3,5.3,3.50%,13.40%,22.40%,52.20%,7.50%,SF-SG,9.40%,8.5,9.5,6' 8'',6' 9.5'',8' 11.5'',222.6,7' 0.25''
Kyle O'Quinn,PHI,30,6'9,250,Norfolk State,USA,2012,2,49,26,3.3,3.8,1.3,8.9,11.20%,25.90%,15.40%,54.10%,19.20%,PF,8.00%,9.5,10,6' 8.5'',6' 10'',8' 10.5'',240.8,7' 4.75''
Kyrie Irving,BKN,28,6'2,195,Duke,Australia,2011,1,1,20,27.4,5.2,6.4,0.4,3.20%,12.00%,31.80%,59.50%,33.10%,PG,10.20%,8.25,9.25,6' 1.75'',6' 3.5'',8' 3'',191,6' 4''
LaMarcus Aldridge,SAS,34,6'11,250,Texas,USA,2006,1,2,53,18.9,7.4,2.4,3.2,5.80%,16.20%,23.60%,57.10%,11.70%,PF-C,8.70%,-,-,6' 10'',6' 11.25'',9' 2'',234,7' 4.75''
Landry Shamet,LAC,23,6'4,190,Wichita State,USA,2018,1,26,47,9.7,1.9,1.9,4.9,0.40%,5.80%,13.10%,59.90%,8.90%,PG,4.85%,8,9,6' 4'',6' 5.25'',8' 4'',188.6,6' 6.75''
LeBron James,LAL,35,6'9,250,None,USA,2003,1,1,60,25.7,7.9,10.6,10.3,2.80%,18.70%,30.80%,58.20%,48.10%,SF-SG,6.70%,-,-,6' 7.25'',,8' 10.25'',245,7' 0.25''
Louis King,DET,21,6'7,205,None,USA,Undrafted,Undrafted,Undrafted,10,2.0,1.0,0.5,11.0,1.50%,14.10%,16.30%,44.80%,12.50%,SF,4.80%,8,8.5,6' 6.75'',6' 8'',8' 8.5'',195.2,7' 0.25''
Luguentz Dort,OKC,21,6'3,215,Arizona State,Canada,Undrafted,Undrafted,Undrafted,29,6.2,1.9,0.7,4.6,2.40%,5.80%,12.80%,52.10%,4.40%,PG,5.00%,8.5,9,6' 2.75'',6' 4.25'',8' 3.5'',222.2,6' 8.5''
Luka Samanic,SAS,20,6'10,227,None,Croatia,2019,1,19,1,0.0,2.0,3.0,26.9,0.00%,13.30%,15.40%,0.00%,33.30%,PF,5.60%,8.5,9,6' 9.5'',6' 11'',8' 11'',227.2,6' 10.5''
Luke Kennard,DET,24,6'5,206,Duke,USA,2017,1,12,28,15.8,3.5,4.1,2.1,1.00%,9.50%,19.30%,58.90%,18.80%,SG-SF,6.60%,8,8.75,6' 4.5'',6' 5.5'',8' 2.5'',196.2,6' 5.25''
Malcolm Brogdon,IND,27,6'5,229,Virginia,USA,2016,2,36,48,16.3,4.7,7.1,2.9,2.80%,12.30%,24.70%,53.70%,35.30%,SG,5.40%,9,10.25,6' 3.75'',6' 5.5'',8' 2'',223,6' 10.5''
Malik Beasley,MIN,23,6'4,187,Florida State,USA,2016,1,19,55,11.2,2.7,1.4,1.9,1.40%,10.70%,20.80%,54.60%,9.30%,SG,6.90%,8.5,9,6' 3.5'',6' 4.5'',8' 4.5'',189.8,6' 7''
Malik Newman,CLE,23,6'3,190,Kansas,USA,Undrafted,Undrafted,Undrafted,1,2.0,0.0,0.0,30.4,0.00%,0.00%,57.10%,34.70%,0.00%,SG,6.25%,8.5,9.5,6' 2.5'',6' 3.25'',8' 2.5'',189.2,6' 5.5''
Marcus Smart,BOS,26,6'3,220,Oklahoma State,USA,2014,1,6,53,13.5,3.8,4.8,6.7,2.10%,8.90%,18.70%,51.90%,21.40%,PG,10.55%,9,8.75,6' 2'',6' 3.25'',8' 3'',227.2,6' 9.25''
Marial Shayok,PHI,24,6'5,198,Iowa State,Canada,2019,2,54,2,1.5,1.5,0.5,40.0,0.00%,27.30%,21.40%,30.00%,11.10%,SF-PF,4.70%,8.75,9.25,6' 4.5'',6' 5.5'',8' 7.5'',196.8,7' 0.25''
Markelle Fultz,ORL,22,6'3,209,Washington,USA,2017,1,1,64,12.1,3.3,5.2,1.5,1.80%,9.90%,20.50%,52.30%,27.00%,PG,-%,-,-,,,,-,
Markieff Morris,LAL,30,6'8,245,Kansas,USA,2011,1,13,52,10.1,3.8,1.4,5.5,3.00%,14.40%,20.50%,56.80%,10.20%,PF,10.20%,8.5,8.25,6' 7.75'',6' 9.25'',8' 10.5'',240.8,6' 10.75''
Marquese Chriss,GSW,22,6'9,240,Washington,USA,2016,1,8,59,9.3,6.2,1.9,9.5,8.90%,21.20%,18.40%,60.40%,15.00%,PF,8.50%,9,9,6' 8.75'',6' 10'',8' 9'',233,7' 0.25''
Marvin Williams,MIL,34,6'8,237,North Carolina,USA,2005,1,2,52,6.1,2.8,1.1,3.8,1.90%,12.60%,12.50%,58.50%,8.00%,PF-SF,-%,-,-,6' 7'',6' 8.25'',9' 0'',228.2,7' 3.5''
Mason Plumlee,DEN,30,6'11,254,Duke,USA,2013,1,22,53,7.2,5.3,2.4,0.8,9.20%,19.90%,17.60%,61.50%,19.80%,C-PF,6.15%,9.75,9.5,6' 11.25'',7' 0.5'',9' 0'',238.2,6' 11''
Maurice Harkless,NYK,27,6'7,220,"St. John's, N.Y.",USA,2012,1,15,62,5.8,3.9,1.1,1.2,3.80%,11.70%,10.50%,57.20%,6.20%,SF,5.30%,9.25,10.25,6' 7.25'',6' 8.75'',8' 6.5'',206.6,7' 0''
Meyers Leonard,MIA,28,7'0,260,Illinois,USA,2012,1,11,49,6.1,5.1,1.1,5.6,2.90%,21.70%,12.00%,64.00%,7.60%,C,5.70%,9.25,11,6' 11.75'',7' 1.25'',9' 0'',249.8,7' 3''
Mfiondu Kabengele,LAC,22,6'9,250,Florida State,Canada,2019,1,27,12,3.5,0.9,0.2,0.8,1.70%,15.90%,24.20%,61.40%,5.00%,PF,5.10%,9.25,10.75,6' 8.75'',6' 10.25'',9' 1.5'',256.2,7' 3''
Mike Conley,UTA,32,6'1,175,Ohio State,USA,2007,1,4,41,13.8,3.2,4.3,1.6,2.30%,8.60%,22.20%,52.70%,23.50%,PG,4.20%,-,-,5' 11'',6' 0.75'',7' 10.5'',175,6' 5.75''
Mike Muscala,OKC,28,6'10,240,Bucknell,USA,2013,2,44,41,4.6,2.3,0.8,2.6,2.60%,16.10%,15.80%,56.00%,10.40%,C-PF,6.80%,8.5,9,6' 10.25'',6' 11.5'',9' 0'',230.2,7' 1''
Mike Scott,PHI,31,6'7,237,Virginia,USA,2012,2,43,63,5.7,3.6,0.8,4.6,5.00%,14.70%,13.00%,53.90%,5.90%,PF,10.60%,8.5,9,6' 7.25'',6' 8.75'',8' 8'',240.8,6' 10.75''
Miles Bridges,CHA,22,6'6,225,Michigan State,USA,2018,1,12,65,13.0,5.6,1.8,9.7,4.20%,13.80%,19.60%,52.00%,9.20%,SF,5.90%,9,9.75,6' 5.25'',6' 6.75'',8' 7.5'',220.4,6' 9.5''
Miye Oni,UTA,22,6'5,206,Yale,USA,2019,2,58,5,0.0,0.4,0.0,68.0,0.00%,15.40%,10.00%,0.00%,0.00%,SG,4.90%,9,10,6' 4.25'',6' 5.75'',8' 4.5'',205.6,6' 10.75''
Monte Morris,DEN,25,6'2,183,Iowa State,USA,2017,2,51,65,8.4,1.7,3.5,1.7,1.40%,6.30%,16.50%,53.70%,23.20%,PG,6.90%,8.25,8.75,6' 1.25'',6' 2.5'',8' 0.5'',175.2,6' 4''
Montrezl Harrell,LAC,26,6'7,240,Louisville,USA,2015,2,32,63,18.6,7.1,1.7,6.5,8.90%,14.10%,24.50%,60.70%,10.20%,PF,11.90%,9,9.75,6' 7'',6' 7.5'',9' 1'',253.4,7' 4.25''
Moritz Wagner,WAS,23,6'11,245,Michigan,Germany,2018,1,25,37,9.5,5.2,1.3,1.5,6.80%,20.30%,18.10%,66.60%,10.30%,C-PF,6.75%,9,10.75,6' 10.5'',6' 11.5'',9' 0'',241.4,7' 0''
Moses Brown,POR,20,7'2,245,None,USA,Undrafted,Undrafted,Undrafted,9,1.2,1.6,0.1,50.9,7.30%,32.40%,20.00%,40.70%,4.80%,C,7.80%,9.5,10.25,7' 1.25'',7' 2.5'',9' 5'',237.2,7' 4.75''
Myles Turner,IND,24,6'11,250,Texas,USA,2015,1,11,55,11.8,6.5,1.1,0.9,4.30%,17.10%,17.40%,56.10%,5.40%,C-PF,9.30%,9.25,9.25,6' 9.75'',6' 11.5'',9' 4'',238.6,7' 4''
Nassir Little,POR,20,6'5,220,North Carolina,USA,2019,1,25,48,3.6,2.3,0.5,3.2,4.80%,12.00%,13.10%,50.50%,5.00%,SF,5.90%,8.75,10,6' 4.5'',6' 6'',8' 8.5'',224.2,7' 1.25''
Naz Reid,MIN,20,6'9,264,None,USA,Undrafted,Undrafted,Undrafted,30,9.0,4.1,1.2,0.7,6.00%,17.60%,23.40%,50.50%,10.60%,PF,14.00%,9.5,9.25,6' 8.75'',6' 9.5'',9' 1'',255.8,7' 3.25''
Nerlens Noel,OKC,26,6'10,220,Kentucky,USA,2013,1,6,55,7.7,4.9,1.0,1.8,8.30%,17.60%,15.20%,71.40%,8.10%,C,4.15%,9.5,10,6' 10'',6' 11.75'',9' 2'',206.4,7' 3.75''
Nicolas Claxton,BKN,21,6'11,215,Georgia,USA,2019,2,31,15,4.4,2.9,1.1,15.6,9.00%,11.20%,14.40%,57.70%,14.20%,C,4.50%,9.25,9.5,6' 10'',6' 11.75'',9' 2'',216.6,7' 2.5''
Nikola Vucevic,ORL,29,6'11,260,USC,Montenegro,2011,1,16,54,19.5,11.0,3.7,0.4,7.10%,27.00%,25.60%,54.00%,18.60%,PF-C,6.10%,9.25,10.25,6' 10.25'',6' 11.75'',9' 4.5'',259.8,7' 4.5''
Noah Vonleh,DEN,24,6'10,257,Indiana,USA,2014,1,9,33,3.8,3.7,0.8,5.1,8.70%,20.80%,13.60%,62.10%,11.50%,PF,7.30%,9.75,11.75,6' 8'',6' 9.5'',9' 0'',247.1,7' 4.25''
Norman Powell,TOR,27,6'3,215,UCLA,USA,2015,2,46,44,16.4,3.7,1.8,6.7,1.80%,9.50%,21.00%,62.90%,9.40%,SG,6.40%,9.25,9,6' 3'',6' 4.25'',8' 6.5'',215.4,6' 10.75''
Norvel Pelle,PHI,27,6'10,231,None,USA,Undrafted,Undrafted,Undrafted,20,2.1,3.0,0.4,16.4,8.50%,23.70%,12.60%,52.10%,5.60%,PF-C,5.15%,8.75,9.5,6' 9.5'',6' 10.5'',9' 1'',207.2,7' 2.5''
OG Anunoby,TOR,22,6'7,232,Indiana,United Kingdo...,2017,1,23,63,10.7,5.4,1.6,5.7,3.90%,13.40%,14.30%,59.80%,7.30%,SF,6.80%,9.25,9.5,6' 6.25'',6' 7.75'',8' 11.5'',232.4,7' 2.25''
Omari Spellman,MIN,22,6'8,245,Villanova,USA,2018,1,30,49,7.6,4.5,1.0,8.5,7.60%,15.50%,17.70%,55.10%,8.60%,PF-C,13.75%,9,9,6' 8'',6' 9.25'',8' 11.5'',253.8,7' 2''
P.J. Washington,CHA,21,6'7,230,Kentucky,USA,2019,1,12,58,12.2,5.4,2.1,6.3,3.20%,14.50%,18.40%,54.70%,11.50%,PF,8.60%,9,10.25,6' 6.5'',6' 8'',8' 10.5'',230.4,7' 2.25''
PJ Dozier,DEN,23,6'6,205,South Carolina,USA,Undrafted,Undrafted,Undrafted,21,4.1,1.4,1.4,1.6,1.90%,10.10%,18.40%,44.90%,17.00%,SG,6.10%,8.5,9.5,6' 5.25'',6' 6.75'',8' 5'',200.6,6' 11''
Pascal Siakam,TOR,26,6'9,230,New Mexico State,Cameroon,2016,1,27,53,23.6,7.5,3.6,8.7,3.00%,16.60%,28.20%,55.90%,16.50%,PF,5.20%,9.25,10,6' 8.25'',6' 9.5'',8' 11.5'',226.6,7' 3.25''
Pat Connaughton,MIL,27,6'5,209,Notre Dame,USA,2015,2,41,61,5.1,4.2,1.6,4.3,4.60%,15.30%,11.50%,55.80%,11.20%,SG,10.20%,8.5,9.25,6' 4'',6' 5.25'',8' 0'',215,6' 8''
Patrick McCaw,TOR,24,6'7,181,UNLV,USA,2016,2,38,37,4.6,2.3,2.1,0.6,2.00%,6.80%,9.30%,50.00%,11.80%,PG-SG,4.70%,8.75,8.75,6' 5.25'',6' 6.75'',8' 4.5'',180.8,6' 10''
Patrick Patterson,LAC,31,6'8,235,Kentucky,USA,2010,1,14,51,4.6,2.4,0.6,4.4,4.60%,13.80%,14.70%,57.60%,7.10%,PF,5.30%,9.25,10.25,6' 8'',6' 9.25'',8' 11'',239.6,7' 1.25''
Patty Mills,SAS,31,6'1,180,St. Mary's (CA),Australia,2009,2,55,63,11.7,1.6,1.8,3.6,1.30%,5.20%,19.30%,58.90%,11.10%,PG,6.90%,-,-,5' 11.25'',6' 0.5'',7' 11'',175.4,6' 2''
Paul George,LAC,30,6'8,220,Fresno State,USA,2010,1,10,42,21.0,5.7,3.9,8.3,1.80%,16.50%,29.20%,58.20%,20.80%,SF,5.00%,8.5,9,6' 7.75'',6' 8.75'',8' 11'',214.4,6' 11.25''
Paul Millsap,DEN,35,6'7,257,Louisiana Tech,USA,2006,2,47,44,12.0,5.9,1.6,11.3,8.00%,15.80%,20.00%,59.80%,9.10%,PF,9.70%,-,-,6' 6.25'',6' 7.25'',8' 9.5'',258,7' 1.5''
Quinn Cook,LAL,27,6'1,180,Duke,USA,Undrafted,Undrafted,Undrafted,38,4.8,1.1,1.1,8.8,1.60%,7.10%,20.10%,51.70%,14.00%,PG,6.70%,7.5,8.75,6' 0.25'',6' 2'',8' 0.5'',179,6' 4''
Quinndary Weatherspoon,SAS,23,6'3,205,Mississippi State,USA,2019,2,49,3,0.0,0.3,0.3,14.5,0.00%,5.60%,8.60%,0.00%,9.10%,SG,6.10%,8.5,9,6' 3'',6' 4.25'',8' 4'',206.6,6' 9''
RJ Barrett,NYK,20,6'6,214,Duke,Canada,2019,1,3,56,14.3,5.0,2.6,9.1,2.70%,13.40%,23.40%,47.90%,12.70%,SF,-%,-,-,,,,-,
Reggie Bullock,NYK,29,6'6,205,North Carolina,USA,2013,1,25,29,8.1,2.3,1.4,5.8,1.80%,8.20%,15.30%,50.20%,8.70%,SG-SF,6.95%,8.5,9,6' 5.75'',6' 7'',8' 6'',199.8,6' 8.75''
Richaun Holmes,SAC,26,6'10,235,Bowling Green,USA,2015,2,37,39,12.8,8.3,1.0,1.6,10.30%,18.70%,15.90%,68.50%,5.30%,PF,8.80%,8.5,8.5,6' 8.25'',6' 9.5'',9' 0'',242.8,7' 1.5''
Robert Covington,HOU,29,6'7,209,Tennessee State,USA,Undrafted,Undrafted,Undrafted,62,12.8,6.4,1.2,0.1,2.70%,17.70%,17.40%,57.10%,5.80%,SF-PF,4.70%,9,8.5,6' 6.25'',6' 7.5'',8' 10'',208.6,7' 1.75''
Rodney Hood,POR,27,6'8,208,Duke,USA,2014,1,23,21,11.0,3.4,1.5,0.6,1.50%,9.20%,13.70%,62.50%,6.80%,SF,7.45%,8.5,8.5,6' 7.25'',6' 8.5'',8' 7'',208.2,6' 8.5''
Romeo Langford,BOS,20,6'4,216,Indiana,USA,2019,1,14,27,2.6,1.2,0.2,8.5,4.30%,5.70%,11.60%,46.50%,2.60%,SG,-%,9,9,6' 4.5'',6' 6'',8' 7'',-,6' 11''
Rudy Gay,SAS,33,6'8,250,Connecticut,USA,2006,1,8,60,10.0,5.4,1.7,0.9,4.20%,19.50%,20.60%,54.50%,11.60%,SF-PF,5.70%,-,-,6' 7'',6' 8'',8' 11.5'',222,7' 3''
Rudy Gobert,UTA,28,7'1,258,None,France,2013,1,27,62,15.1,13.7,1.5,6.1,10.40%,27.90%,16.10%,70.00%,6.50%,C,4.40%,9.75,10,7' 0.5'',7' 2'',9' 7'',237.6,7' 8.5''
Russell Westbrook,HOU,31,6'3,200,UCLA,USA,2008,1,4,53,27.5,8.0,7.0,3.6,4.40%,16.00%,33.00%,53.90%,33.80%,PG,4.80%,-,-,6' 2.25'',6' 3.5'',8' 4'',192,6' 7.75''
Semi Ojeleye,BOS,25,6'6,240,Southern Methodist,USA,2017,2,37,61,3.1,2.0,0.5,0.4,2.50%,10.30%,8.60%,55.70%,4.90%,SF-SG,5.50%,8.75,9.5,6' 5.25'',6' 6.75'',8' 6'',241.4,6' 9.75''
Seth Curry,DAL,29,6'2,185,Duke,USA,Undrafted,Undrafted,Undrafted,59,12.6,2.4,2.0,4.7,1.70%,7.20%,17.80%,65.00%,12.30%,SG,9.60%,8,8.25,6' 1'',6' 3'',8' 1.5'',179.2,6' 4''
Shabazz Napier,WAS,28,6'0,175,Connecticut,USA,2014,1,24,51,10.3,2.9,5.0,2.6,1.80%,10.00%,19.20%,55.50%,30.70%,PG,7.35%,8.25,8.5,5' 11'',6' 1'',7' 9'',175.2,6' 3.25''
Shake Milton,PHI,23,6'5,205,Southern Methodist,USA,2018,2,54,32,9.5,2.1,2.2,1.4,1.80%,9.50%,19.40%,63.30%,17.00%,SG-PG,6.80%,8.75,9.5,6' 4.5'',6' 5.5'',8' 3.5'',207.2,7' 0.75''
Shamorie Ponds,HOU,22,6'1,180,None,USA,Undrafted,Undrafted,Undrafted,4,2.3,0.3,0.5,5.5,0.00%,16.70%,22.20%,76.50%,40.00%,PG,9.80%,7.75,8,5' 11.5'',6' 0.5'',8' 0.5'',180,6' 3.5''
Skal Labissiere,ATL,24,6'10,235,Kentucky,Haiti,2016,1,28,33,5.8,5.1,1.3,1.3,10.50%,15.50%,13.90%,58.80%,10.60%,PF-C,5.70%,8.75,9,6' 10.5'',6' 11.75'',8' 9.5'',215.8,7' 2.5''
Solomon Hill,MIA,29,6'6,226,Arizona,USA,2013,1,23,54,5.4,2.9,1.8,1.6,2.70%,12.00%,13.20%,54.20%,12.60%,SF,7.60%,9,10.5,6' 5.5'',6' 7'',8' 7'',226,6' 9''
Spencer Dinwiddie,BKN,27,6'5,215,Colorado,USA,2014,2,38,64,20.6,3.5,6.8,1.1,1.50%,8.50%,28.70%,54.10%,34.40%,PG,5.35%,8.25,9,6' 4.5'',6' 6'',8' 7'',204.9,6' 8.25''
Stanley Johnson,TOR,24,6'6,242,Arizona,USA,2015,1,8,20,1.2,1.1,0.4,4.9,2.80%,16.20%,17.70%,34.20%,12.90%,SF,7.50%,9,9,6' 5'',6' 6.5'',8' 6'',241.8,6' 11.5''
Stephen Curry,GSW,32,6'3,185,Davidson,USA,2009,1,7,5,20.8,5.2,6.6,15.3,2.30%,16.20%,28.60%,55.70%,35.50%,PG-SG,5.70%,-,-,6' 2'',6' 3.25'',8' 1'',181,6' 3.5''
Steven Adams,OKC,26,6'11,265,Pittsburgh,New Zealand,2013,1,12,58,10.9,9.4,2.4,4.4,13.00%,21.10%,16.60%,60.50%,13.20%,C,6.65%,9.5,11,6' 10.75'',7' 0'',9' 1.5'',254.5,7' 4.5''
Svi Mykhailiuk,DET,23,6'7,205,Kansas,Ukraine,2018,2,47,56,9.0,1.9,1.9,0.6,1.30%,7.10%,16.50%,57.80%,12.00%,SG-SF,11.40%,8,9.25,6' 6.5'',6' 7.5'',8' 4'',219.6,6' 5''
T.J. Warren,IND,26,6'8,220,North Carolina State,USA,2014,1,14,61,18.7,4.0,1.4,1.4,3.10%,8.80%,22.40%,59.90%,7.00%,SF,7.95%,8.75,9,6' 7'',6' 8.25'',8' 8'',220.2,6' 10.25''
TJ Leaf,IND,23,6'10,222,UCLA,USA,2017,1,18,25,2.9,2.6,0.2,1.8,9.90%,18.40%,17.00%,48.50%,4.50%,PF,6.80%,8.5,9.5,6' 8.75'',6' 9.75'',8' 11'',222.2,6' 11''
Tacko Fall,BOS,24,7'5,311,None,Senegal,Undrafted,Undrafted,Undrafted,6,3.2,1.8,0.0,12.7,0.00%,36.70%,28.10%,71.30%,0.00%,C,6.80%,10.5,10.5,7' 5.25'',7' 7'',10' 2.5'',288.8,8' 2.25''
Taj Gibson,NYK,35,6'9,232,USC,USA,2009,1,26,62,6.1,4.3,0.8,12.5,9.80%,15.80%,14.50%,61.00%,7.70%,PF,6.60%,-,-,6' 8.5'',6' 9.75'',9' 1'',214.4,7' 4''
Taurean Prince,BKN,26,6'7,218,Baylor,USA,2016,1,12,64,12.1,6.0,1.8,1.3,2.40%,16.20%,20.00%,49.70%,9.00%,SF,6.45%,9,8.5,6' 6.5'',6' 7.75'',8' 6'',220.2,6' 11.5''
Terance Mann,LAC,23,6'5,215,Florida State,USA,2019,2,48,35,1.6,0.9,1.1,1.2,1.40%,9.80%,10.90%,47.20%,18.50%,SG-SF,4.00%,9.5,9.25,6' 4.75'',6' 6.5'',8' 5'',204.6,6' 7.75''
Terence Davis,TOR,23,6'4,201,None,USA,Undrafted,Undrafted,Undrafted,64,7.7,3.4,1.7,10.0,4.10%,13.90%,18.00%,59.80%,14.50%,SG,4.10%,9.25,10.75,6' 3'',6' 4.5'',8' 5'',192.4,6' 8.75''
Terrance Ferguson,OKC,22,6'6,190,None,USA,2017,1,21,50,4.2,1.5,0.9,3.0,2.10%,4.10%,9.10%,50.40%,5.20%,SG-SF,5.80%,8.5,10,6' 5.5'',6' 7'',8' 7'',184.4,6' 8.75''
Terrence Ross,ORL,29,6'6,206,Washington,USA,2012,1,8,63,14.8,3.2,1.2,2.8,0.70%,10.70%,21.70%,54.80%,7.20%,SG-SF,3.20%,8.75,10.25,6' 6'',6' 7'',8' 4.5'',196.6,6' 7.25''
Terry Rozier,CHA,26,6'1,190,Louisville,USA,2015,1,16,63,18.0,4.4,4.1,9.0,2.20%,10.70%,23.20%,55.30%,20.90%,PG-SG,5.60%,8.25,8.5,6' 0.5'',6' 2.25'',8' 2.5'',190.2,6' 8.25''
Thaddeus Young,CHI,32,6'8,235,Georgia Tech,USA,2007,1,12,64,10.3,4.9,1.8,6.2,5.40%,14.50%,19.20%,52.10%,11.30%,SF,4.90%,-,-,6' 5.75'',6' 7.5'',8' 10'',210,6' 11.5''
Thanasis Antetokounmpo,MIL,27,6'6,219,None,Greece,2014,2,51,18,2.5,1.1,0.5,12.6,11.00%,7.30%,21.90%,52.80%,15.80%,SF,6.05%,9,9.75,6' 5.25'',6' 6.25'',8' 8.5'',205.2,7' 0''
Theo Pinson,NYK,24,6'5,212,None,USA,Undrafted,Undrafted,Undrafted,33,3.6,1.6,1.7,4.6,2.40%,10.10%,21.80%,37.00%,24.00%,SG-SF,7.35%,9,9,6' 5'',6' 6.75'',8' 7.5'',211.2,6' 10.75''
Thomas Bryant,WAS,22,6'10,248,Indiana,USA,2017,2,42,38,12.1,6.8,1.9,7.0,8.10%,20.20%,18.00%,65.90%,11.20%,PF-C,9.40%,9.5,10.25,6' 9.5'',6' 10.75'',9' 4.5'',247.8,7' 6''
Thon Maker,DET,23,7'0,221,None,South Sudan,2016,1,10,60,4.7,2.8,0.7,8.0,6.90%,15.20%,16.00%,58.20%,8.80%,PF,6.05%,8.75,9.5,6' 11.75'',7' 0.75'',9' 2.5'',216,7' 3''
Tim Hardaway Jr.,DAL,28,6'5,205,Michigan,USA,2013,1,24,63,15.8,3.1,2.0,8.0,1.20%,8.60%,20.90%,58.10%,10.00%,SG,6.05%,8,9.25,6' 4.5'',6' 6.25'',8' 5'',199.4,6' 7''
Tobias Harris,PHI,27,6'8,226,Tennessee,USA,2011,1,19,65,19.4,6.8,3.2,3.0,2.40%,17.10%,23.40%,55.70%,14.50%,SF-PF,8.40%,8.75,9,6' 6.5'',6' 7.75'',8' 7.5'',222.8,6' 11''
Tomas Satoransky,CHI,28,6'7,210,None,Czech Republi...,2012,2,32,65,9.9,3.9,5.4,1.5,4.00%,10.10%,16.50%,53.30%,26.90%,PG-SG,5.20%,8.5,9.5,6' 6.5'',6' 7.5'',8' 4'',200.6,6' 7.25''
Tony Bradley,UTA,22,6'10,248,North Carolina,USA,2017,1,28,50,4.7,4.3,0.3,3.3,16.00%,22.00%,15.00%,67.50%,4.60%,C,12.00%,9.5,9.5,6' 9.25'',6' 10.75'',9' 4.5'',248.8,7' 5''
Tony Snell,DET,28,6'6,213,,USA,2013,1,20,59,8.0,1.9,2.2,5.5,0.50%,6.40%,11.00%,59.80%,11.00%,SF-SG,4.85%,9,9.5,6' 6'',6' 7.25'',8' 9.5'',198.2,6' 11.5''
Trae Young,ATL,21,6'1,180,Oklahoma,USA,2018,1,5,60,29.6,4.3,9.3,4.9,1.40%,10.00%,33.90%,59.50%,42.30%,PG,5.35%,8,9.25,6' 0.5'',6' 1.75'',7' 11.5'',177.8,6' 3''
Tremont Waters,BOS,22,5'10,175,Louisiana State,USA,2019,2,51,10,3.3,0.9,1.2,14.8,0.00%,8.90%,21.60%,43.80%,18.50%,PG,6.60%,8,9.75,5' 9.5'',5' 10.75'',7' 9.5'',172.4,6' 2.25''
Treveon Graham,ATL,26,6'5,219,Va Commonwealth,USA,Undrafted,Undrafted,Undrafted,55,4.4,2.7,0.8,6.2,5.00%,9.90%,13.00%,45.60%,6.90%,SF,5.50%,8.5,8.25,6' 4'',6' 5.75'',8' 7'',219.4,6' 10.5''
Trevor Ariza,POR,35,6'8,215,UCLA,USA,2004,2,43,53,8.0,4.6,1.7,0.3,2.20%,13.70%,11.70%,59.30%,8.10%,SG-SF,8.00%,-,-,6' 7'',6' 8.25'',8' 11.5'',201,7' 2''
Trey Burke,DAL,27,6'0,185,Michigan,USA,2013,1,9,25,5.9,1.4,2.1,4.8,4.50%,6.10%,18.80%,54.50%,23.80%,PG,6.90%,8.25,8.75,5' 11.75'',6' 1.25'',8' 1.5'',187,6' 5.5''
Trey Lyles,SAS,24,6'9,234,Kentucky,USA,2015,1,12,63,6.4,5.7,1.1,2.4,5.60%,22.80%,13.60%,55.70%,7.20%,PF,12.10%,9.25,10.25,6' 9'',6' 10.25'',9' 0'',241.2,7' 1.5''
Tristan Thompson,CLE,29,6'9,254,Texas,Canada,2011,1,4,57,12.0,10.1,2.1,10.1,12.60%,20.70%,18.10%,54.00%,10.60%,PF,6.20%,8.75,9.25,6' 7.5'',6' 8.75'',9' 0.5'',227.4,7' 1.25''
Ty Jerome,PHX,22,6'5,195,Virginia,USA,2019,1,24,28,3.5,1.5,1.5,14.9,1.70%,11.50%,16.60%,43.70%,22.50%,PG,6.50%,8.25,9.5,6' 4.25'',6' 5.5'',8' 2'',194.4,6' 4''
Tyler Cook,DEN,22,6'8,255,None,USA,Undrafted,Undrafted,Undrafted,11,1.7,0.9,0.1,12.5,10.50%,18.80%,16.90%,75.20%,5.00%,PF,6.10%,9.5,10.75,6' 7.25'',6' 8.75'',8' 10.5'',245.4,7' 0.5''
Tyler Herro,MIA,20,6'5,195,Kentucky,USA,2019,1,13,47,12.9,4.0,1.9,1.7,1.10%,12.60%,21.00%,53.40%,11.60%,SG,7.10%,8,8.75,6' 4.5'',6' 6'',8' 4.5'',192.4,6' 3.25''
Tyson Chandler,HOU,37,7'0,235,None,USA,2001,1,2,26,1.3,2.5,0.2,5.7,9.70%,17.20%,5.70%,71.70%,3.70%,SF-PF,6.70%,-,-,6' 11.5'',,9' 2'',224,7' 3''
Tyus Jones,MEM,24,6'0,196,Duke,USA,2015,1,24,65,7.4,1.6,4.4,2.3,0.70%,7.10%,16.50%,53.20%,31.40%,PG,6.50%,8.25,8.75,6' 0.5'',6' 2'',8' 1'',184.6,6' 5''
Udonis Haslem,MIA,40,6'8,235,Florida,USA,Undrafted,Undrafted,Undrafted,3,1.7,2.7,0.3,30.6,0.00%,42.10%,18.20%,32.20%,10.00%,PF,-%,-,-,6' 7.75'',,8' 11'',250,6' 11''
Victor Oladipo,IND,28,6'4,213,Indiana,USA,2013,1,2,13,13.8,3.2,3.0,0.5,2.10%,9.40%,26.50%,50.00%,17.60%,SG,6.55%,8.75,9.25,6' 3.25'',6' 4.25'',8' 4.5'',213.2,6' 9.25''
Wayne Ellington,NYK,32,6'4,207,North Carolina,USA,2009,1,28,36,5.1,1.8,1.2,3.1,0.70%,10.40%,14.60%,50.90%,11.70%,SG,5.50%,-,-,6' 4.25'',6' 5.25'',8' 4'',202.4,6' 6.5''
Will Barton,DEN,29,6'5,181,Memphis,USA,2012,2,40,58,15.1,6.3,3.7,5.8,4.00%,14.70%,19.70%,54.90%,15.70%,SG-SF,4.10%,9,9.5,6' 5'',6' 6'',8' 6.5'',174.4,6' 9.75''
Zach Collins,POR,22,6'11,250,Gonzaga,USA,2017,1,10,3,9.0,4.0,2.0,13.1,5.60%,8.20%,13.90%,62.40%,8.30%,PF-C,8.90%,8.75,9.25,6' 10.25'',7' 0'',9' 3'',232.2,7' 1''
Zach LaVine,CHI,25,6'6,200,UCLA,USA,2014,1,13,60,25.5,4.8,4.2,4.4,1.90%,12.50%,31.20%,56.80%,21.80%,PG,4.70%,8.25,8.75,6' 4.5'',6' 5.75'',8' 4'',180.9,6' 8.25''
Zach Norvell Jr.,LAL,22,6'5,205,None,USA,Undrafted,Undrafted,Undrafted,5,2.0,1.2,0.6,32.3,0.00%,20.70%,14.70%,40.20%,9.10%,SG,7.50%,8.5,9.5,6' 4.5'',6' 5.5'',8' 5'',206.4,6' 6''
Zhaire Smith,PHI,21,6'3,205,Texas Tech,USA,2018,1,16,7,1.1,0.3,0.3,12.3,0.00%,8.00%,16.50%,31.30%,8.30%,SF-SG,6.05%,8.75,8.25,6' 2.75'',6' 4'',8' 4'',198.6,6' 9.75''
Zion Williamson,NOP,19,6'6,284,Duke,USA,2019,1,1,19,23.6,6.8,2.2,10.4,9.30%,11.40%,28.20%,62.40%,11.10%,PF,-%,-,-,,,,-,
