PLAYER,TEAM,AGE,HEIGHT,WEIGHT,COLLEGE,COUNTRY,DRAFT YEAR,DRAFT ROUND,DRAFT NUMBER,GP,PTS,REB,AST,NETRTG,OREB%,DREB%,USG%,TS%,AST%
Aaron Gordon,ORL,24,8-Jun,235,Arizona,USA,2014,1,4,58,14.4,7.6,3.7,-2,5.10%,17.50%,20.30%,51.10%,16.40%
Aaron Holiday,IND,23,Jun-00,185,UCLA,USA,2018,1,23,58,9.4,2.3,3.3,1.9,1.50%,7.60%,18.80%,51.70%,19.10%
Abdel Nader,OKC,26,5-Jun,225,Iowa State,Egypt,2016,2,58,48,6,1.9,0.7,-3.4,1.80%,9.50%,16.00%,58.00%,7.00%
Adam Mokoka,CHI,21,5-Jun,190,None,France,Undrafted,Undrafted,Undrafted,11,2.9,0.9,0.4,17.1,5.70%,2.90%,11.00%,53.80%,4.30%
Admiral Schofield,WAS,23,5-Jun,241,Tennessee,United Kingdo...,2019,2,42,27,3.1,1.3,0.5,-4.9,1.80%,9.20%,12.30%,51.40%,6.80%
Al Horford,PHI,34,9-Jun,240,Florida,Dominican Rep...,2007,1,3,60,12,6.9,4.1,3.5,5.00%,17.00%,17.40%,52.60%,18.50%
Al-Farouq Aminu,ORL,29,8-Jun,220,Wake Forest,USA,2010,1,8,18,4.3,4.8,1.2,-5.4,5.30%,15.80%,12.70%,39.50%,8.80%
Alec Burks,PHI,28,6-Jun,214,Colorado,USA,2011,1,12,59,15.1,4.4,2.9,-8.3,2.50%,13.40%,23.00%,54.90%,17.80%
Alen Smailagic,GSW,19,10-Jun,215,None,Serbia,2019,2,39,14,4.2,1.9,0.9,-3,7.70%,11.00%,17.50%,61.00%,13.30%
Alex Caruso,LAL,26,5-Jun,186,Texas A&M,USA,Undrafted,Undrafted,Undrafted,58,5.4,1.9,1.8,10.3,1.40%,8.80%,13.60%,53.80%,12.80%
Alex Len,SAC,27,Jul-00,250,Maryland,Ukraine,2013,1,5,49,8.3,6,1,-5.6,9.60%,19.50%,17.80%,59.60%,8.50%
Alfonzo McKinnie,CLE,27,7-Jun,215,None,USA,Undrafted,Undrafted,Undrafted,40,4.6,2.8,0.4,-7.4,6.10%,13.10%,14.70%,49.30%,3.20%
Alize Johnson,IND,24,7-Jun,212,Missouri State,USA,2018,2,50,13,1.4,1.4,0.2,4.7,11.90%,20.40%,14.20%,51.00%,4.50%
Allen Crabbe,MIN,28,5-Jun,212,California,USA,2013,2,31,37,4.6,2.1,0.9,-15,1.40%,9.80%,12.20%,47.00%,7.30%
Allonzo Trier,NYK,24,4-Jun,200,Arizona,USA,Undrafted,Undrafted,Undrafted,24,6.5,1.2,1.2,-11.1,1.80%,7.80%,20.80%,62.00%,16.40%
Amile Jefferson,ORL,27,9-Jun,222,Duke,USA,Undrafted,Undrafted,Undrafted,18,0.8,1.3,0.2,8.5,11.20%,16.30%,12.90%,37.20%,7.80%
Amir Coffey,LAC,23,7-Jun,210,None,USA,Undrafted,Undrafted,Undrafted,13,2.2,1.1,0.7,-3.2,4.10%,9.60%,15.40%,40.80%,13.20%
Andre Drummond,CLE,26,10-Jun,279,Connecticut,USA,2012,1,9,57,17.7,15.2,2.7,-5,12.90%,33.60%,25.30%,55.30%,13.30%
Andre Iguodala,MIA,36,6-Jun,215,Arizona,USA,2004,1,9,14,4.4,3.8,2,-3.1,3.70%,14.20%,11.40%,55.90%,16.60%
Andrew Wiggins,GSW,25,7-Jun,197,Kansas,Canada,2014,1,1,54,21.8,5.1,3.7,-5.1,3.30%,11.00%,26.90%,53.60%,18.00%
Anfernee Simons,POR,21,3-Jun,181,None,USA,2018,1,24,65,8.8,2.3,1.5,-8.6,1.60%,7.90%,18.30%,50.60%,10.00%
Ante Zizic,CLE,23,10-Jun,266,None,Croatia,2016,1,23,22,4.4,3,0.3,1.3,8.40%,21.10%,16.80%,59.70%,3.80%
Anthony Davis,LAL,27,10-Jun,253,Kentucky,USA,2012,1,1,55,26.7,9.4,3.1,6.7,6.40%,19.70%,28.70%,61.40%,14.80%
Anthony Tolliver,MEM,35,8-Jun,240,Creighton,USA,Undrafted,Undrafted,Undrafted,47,3.5,2.8,0.7,-7.2,3.70%,13.30%,11.00%,49.70%,6.00%
Antonius Cleveland,DAL,26,5-Jun,195,S.E. Missouri,USA,Undrafted,Undrafted,Undrafted,6,0.8,0.5,0,-26,0.00%,25.00%,14.30%,36.30%,0.00%
Anzejs Pasecniks,WAS,24,2-Jul,229,None,Latvia,2017,1,25,24,6,4.1,0.7,0.4,8.50%,15.10%,15.10%,55.50%,5.90%
Aron Baynes,PHX,33,10-Jun,260,Washington State,Australia,Undrafted,Undrafted,Undrafted,42,11.5,5.6,1.6,-1.5,7.50%,17.80%,20.50%,58.10%,10.80%
Austin Rivers,HOU,27,3-Jun,200,Duke,USA,2012,1,10,60,8.5,2.4,1.6,4.1,1.60%,7.90%,14.60%,53.80%,9.30%
Avery Bradley,LAL,29,3-Jun,180,Texas,USA,2010,1,19,49,8.6,2.3,1.3,7.4,1.50%,7.70%,15.30%,53.70%,7.00%
BJ Johnson,ORL,24,7-Jun,200,None,USA,Undrafted,Undrafted,Undrafted,8,1.6,0.8,0.3,-24.3,1.70%,9.30%,18.20%,34.40%,9.50%
Bam Adebayo,MIA,22,9-Jun,255,Kentucky,USA,2017,1,14,65,16.2,10.5,5.1,4.6,7.80%,22.40%,20.80%,60.60%,23.20%
Ben McLemore,HOU,27,3-Jun,195,Kansas,USA,2013,1,7,63,9.8,2.2,0.9,6.7,1.30%,7.70%,15.40%,62.20%,5.10%
Ben Simmons,PHI,23,10-Jun,240,Louisiana State,Australia,2016,1,1,54,16.7,7.8,8.2,2.2,5.40%,15.80%,20.50%,60.80%,34.00%
Bismack Biyombo,CHA,27,8-Jun,255,None,Democratic Re...,2011,1,7,53,7.4,5.8,0.9,-6.6,11.20%,17.80%,16.80%,57.00%,7.90%
Blake Griffin,DET,31,9-Jun,250,Oklahoma,USA,2009,1,1,18,15.5,4.7,3.3,-2.6,3.20%,12.80%,27.70%,47.60%,18.40%
Boban Marjanovic,DAL,31,4-Jul,290,None,Serbia,Undrafted,Undrafted,Undrafted,37,6.3,4.1,0.4,8.6,15.60%,28.40%,26.40%,59.90%,5.90%
Bobby Portis,NYK,25,10-Jun,250,Arkansas,USA,2015,1,22,66,10.1,5.1,1.5,-7.9,5.30%,18.00%,20.70%,53.00%,11.20%
Bogdan Bogdanovic,SAC,27,6-Jun,220,None,Serbia,2014,1,27,53,14.5,3.2,3.2,-2.2,1.10%,10.30%,22.00%,56.00%,18.00%
Bojan Bogdanovic,UTA,31,8-Jun,226,None,Croatia,2011,2,31,63,20.2,4.1,2.1,5.5,2.00%,10.00%,25.20%,60.30%,9.90%
Brad Wanamaker,BOS,30,3-Jun,210,Pittsburgh,USA,Undrafted,Undrafted,Undrafted,63,6.6,2,2.5,2.9,1.50%,7.90%,15.20%,56.00%,18.40%
Bradley Beal,WAS,27,3-Jun,207,Florida,USA,2012,1,3,57,30.5,4.2,6.1,-4.5,2.40%,9.50%,33.80%,57.90%,28.50%
Brandon Clarke,MEM,23,8-Jun,215,Gonzaga,Canada,2019,1,21,50,12,5.8,1.4,1.1,6.90%,17.70%,18.30%,67.00%,9.70%
Brandon Goodwin,ATL,24,Jun-00,180,None,USA,Undrafted,Undrafted,Undrafted,34,6.1,2.1,1.5,-13.8,2.30%,13.20%,22.00%,50.70%,20.80%
Brandon Ingram,NOP,22,7-Jun,190,Duke,USA,2016,1,2,56,24.3,6.3,4.3,-0.3,2.40%,14.40%,27.60%,59.00%,19.50%
Brandon Knight,DET,28,2-Jun,182,Kentucky,USA,2011,1,8,25,7.3,1.6,2.8,-7.6,0.90%,9.30%,20.70%,50.30%,21.60%
Brian Bowen II,IND,21,6-Jun,190,None,USA,Undrafted,Undrafted,Undrafted,5,0.8,1.4,0,18.6,3.30%,18.20%,13.90%,22.20%,0.00%
Brook Lopez,MIL,32,Jul-00,282,Stanford,USA,2008,1,10,61,11,4.5,1.6,12.4,2.50%,11.90%,17.30%,53.70%,7.60%
Bruce Brown,DET,23,4-Jun,202,Miami,USA,2018,2,42,58,8.9,4.7,4,-4.3,3.80%,13.10%,15.90%,51.80%,20.80%
Bruno Caboclo,HOU,24,9-Jun,218,None,Brazil,2014,1,20,27,2.7,2,0.4,-2.8,8.60%,13.50%,15.70%,45.50%,8.20%
Bruno Fernando,ATL,21,9-Jun,240,Maryland,Angola,2019,2,34,56,4.3,3.5,0.9,-5.6,8.50%,17.90%,14.70%,54.20%,10.10%
Bryn Forbes,SAS,26,2-Jun,205,Michigan State,USA,Undrafted,Undrafted,Undrafted,63,11.2,2,1.7,-6.8,0.70%,7.10%,18.50%,57.00%,9.70%
Buddy Hield,SAC,27,4-Jun,220,Oklahoma,Bahamas,2016,1,6,64,19.8,4.8,3.1,-2,2.70%,12.40%,26.10%,56.60%,15.40%
CJ McCollum,POR,28,3-Jun,190,Lehigh,USA,2013,1,10,62,22.5,4.1,4.3,0.8,1.70%,8.60%,26.30%,54.30%,18.60%
CJ Miles,WAS,33,6-Jun,220,None,USA,2005,2,34,10,6.4,1.2,1.2,-1.3,2.10%,5.00%,16.90%,47.20%,9.10%
Caleb Martin,CHA,24,5-Jun,205,None,USA,Undrafted,Undrafted,Undrafted,18,6.2,2.1,1.3,0.8,3.00%,8.60%,15.20%,59.50%,12.20%
Caleb Swanigan,POR,23,9-Jun,260,Purdue,USA,2017,1,26,27,2.4,3.7,1.1,-6.5,9.90%,24.80%,13.20%,59.70%,13.80%
Cam Reddish,ATL,20,8-Jun,218,Duke,USA,2019,1,10,58,10.5,3.7,1.5,-6.3,2.10%,11.00%,18.50%,50.00%,7.90%
Cameron Johnson,PHX,24,8-Jun,210,North Carolina,USA,2019,1,11,49,8.1,2.9,1.1,-2.7,3.70%,10.10%,15.40%,57.60%,7.80%
Caris LeVert,BKN,25,6-Jun,205,Michigan,USA,2016,1,20,39,17.7,4.1,4.1,-0.1,3.20%,9.50%,27.70%,50.90%,22.90%
Carmelo Anthony,POR,36,8-Jun,238,Syracuse,USA,2003,1,3,50,15.3,6.3,1.6,0.3,3.70%,14.20%,21.80%,51.70%,6.90%
Carsen Edwards,BOS,22,11-May,200,Purdue,USA,2019,2,33,35,3,1.2,0.6,-6.4,1.60%,10.80%,16.80%,44.60%,11.60%
Cedi Osman,CLE,25,7-Jun,230,None,Turkey,2015,2,31,65,11,3.6,2.4,-9,2.00%,10.30%,16.20%,55.20%,11.50%
Chandler Hutchison,CHI,24,7-Jun,210,Boise State,USA,2018,1,22,28,7.8,3.9,0.9,-11.9,3.20%,18.00%,18.30%,52.10%,7.70%
Chandler Parsons,ATL,31,9-Jun,230,Florida,USA,2011,2,38,5,2.8,1.4,0.6,-29,1.50%,12.00%,15.00%,38.90%,10.00%
Charles Brown Jr.,ATL,23,6-Jun,199,None,USA,Undrafted,Undrafted,Undrafted,10,2,0.4,0.2,33.9,4.00%,4.80%,23.10%,47.20%,7.70%
Chasson Randle,GSW,27,2-Jun,185,Stanford,USA,Undrafted,Undrafted,Undrafted,3,1.7,0.7,1.7,-2,0.00%,5.30%,8.00%,37.70%,16.10%
Cheick Diallo,PHX,23,8-Jun,219,Kansas,Mali,2016,2,33,44,4.8,2.9,0.5,-4.6,6.00%,21.20%,16.60%,68.80%,7.70%
Chimezie Metu,SAS,23,9-Jun,225,USC,USA,2018,2,49,16,2.9,1.6,0.4,2.5,12.50%,21.60%,23.80%,59.70%,14.00%
Chris Boucher,TOR,27,9-Jun,200,Oregon,Canada,Undrafted,Undrafted,Undrafted,55,6.3,4.4,0.4,5.4,12.00%,18.20%,18.30%,57.00%,4.90%
Chris Chiozza,BKN,24,11-May,175,Florida,USA,Undrafted,Undrafted,Undrafted,21,4,1.7,2.3,10.2,2.10%,11.10%,15.70%,52.60%,28.90%
Chris Clemons,HOU,22,9-May,180,None,USA,Undrafted,Undrafted,Undrafted,29,4.9,0.8,0.8,-6.8,1.10%,7.10%,23.90%,54.60%,15.00%
Chris Paul,OKC,35,1-Jun,175,Wake Forest,USA,2005,1,4,63,17.7,4.9,6.8,6.8,1.10%,14.10%,22.60%,60.90%,31.80%
Chris Silva,MIA,23,8-Jun,234,South Carolina,Gabon,Undrafted,Undrafted,Undrafted,41,2.9,2.7,0.5,-3.4,17.10%,17.40%,15.90%,66.30%,10.40%
Christian Wood,DET,24,10-Jun,214,UNLV,USA,Undrafted,Undrafted,Undrafted,62,13.1,6.3,1,2,7.90%,21.40%,22.30%,65.90%,7.40%
Clint Capela,ATL,26,10-Jun,240,None,Switzerland,2014,1,25,39,13.9,13.8,1.2,2.5,11.80%,26.50%,15.60%,62.60%,5.60%
Coby White,CHI,20,4-Jun,195,North Carolina,USA,2019,1,7,65,13.2,3.5,2.7,-4.4,1.50%,12.80%,23.50%,50.60%,16.20%
Cody Martin,CHA,24,5-Jun,205,Nevada-Reno,USA,2019,2,36,48,5,3.3,2,-3.2,3.90%,14.00%,13.10%,50.50%,15.40%
Cody Zeller,CHA,27,Jul-00,240,Indiana,USA,2013,1,4,58,11.1,7.1,1.5,-8.3,11.00%,19.70%,20.10%,57.60%,11.10%
Collin Sexton,CLE,21,1-Jun,190,Alabama,USA,2018,1,8,65,20.8,3.1,3,-9.2,2.80%,6.90%,26.40%,56.00%,14.60%
Cory Joseph,SAC,28,3-Jun,200,Texas,Canada,2011,1,29,64,6.3,2.5,3.4,-0.4,2.40%,8.30%,12.80%,51.30%,19.90%
Courtney Lee,DAL,34,5-Jun,215,Western Kentucky,USA,2008,1,22,24,4.5,1.3,0.5,6.7,1.90%,7.00%,11.60%,62.90%,4.40%
Cristiano Felicio,CHI,27,10-Jun,270,None,Brazil,Undrafted,Undrafted,Undrafted,22,3.9,4.6,0.7,-7.7,14.40%,13.90%,8.80%,67.10%,5.30%
D'Angelo Russell,MIN,24,4-Jun,193,Ohio State,USA,2015,1,2,45,23.1,3.9,6.3,-8.1,1.10%,10.70%,30.50%,55.60%,32.70%
D.J. Augustin,ORL,32,11-May,183,Texas,USA,2008,1,9,49,10.4,2.2,4.6,2,1.40%,7.10%,18.40%,54.80%,28.00%
D.J. Wilson,MIL,24,10-Jun,231,Michigan,USA,2017,1,17,31,3.2,2.2,0.7,-6.5,3.50%,16.90%,17.20%,47.60%,12.00%
DaQuan Jeffries,SAC,22,5-Jun,230,None,USA,Undrafted,Undrafted,Undrafted,6,1.2,0.2,0.2,5.7,3.60%,0.00%,13.70%,50.00%,6.70%
Damian Jones,ATL,25,11-Jun,245,Vanderbilt,USA,2016,1,30,55,5.6,3.7,0.6,-12.6,8.00%,15.30%,11.30%,71.20%,5.70%
Damian Lillard,POR,29,2-Jun,195,Weber State,USA,2012,1,6,58,28.9,4.3,7.8,1.3,1.30%,9.10%,29.30%,61.90%,33.20%
Damion Lee,GSW,27,5-Jun,210,Louisville,USA,Undrafted,Undrafted,Undrafted,49,12.7,4.9,2.7,-4.1,2.10%,14.40%,18.40%,54.80%,13.90%
Damyean Dotson,NYK,26,5-Jun,210,Houston,USA,2017,2,44,48,6.7,1.9,1.2,-5.3,1.10%,9.10%,15.80%,52.70%,10.50%
Daniel Gafford,CHI,21,10-Jun,234,Arkansas,USA,2019,2,38,43,5.1,2.5,0.5,-1.9,8.10%,9.20%,13.10%,68.60%,5.10%
Daniel Theis,BOS,28,8-Jun,245,None,Germany,Undrafted,Undrafted,Undrafted,58,9.3,6.6,1.6,7.7,9.00%,17.20%,14.60%,62.90%,10.00%
Danilo Gallinari,OKC,31,10-Jun,233,None,Italy,2008,1,6,55,19.2,5.5,2.1,5.1,2.00%,16.00%,24.00%,61.10%,10.10%
Danny Green,LAL,33,6-Jun,215,North Carolina,USA,2009,2,46,61,8.2,3.4,1.4,8.7,2.90%,10.00%,13.30%,56.40%,7.00%
Dante Exum,CLE,24,5-Jun,214,None,Australia,2014,1,5,35,4.5,1.9,1.1,-8.8,2.40%,10.90%,14.50%,57.60%,12.40%
Danuel House Jr.,HOU,27,6-Jun,220,Texas A&M,USA,Undrafted,Undrafted,Undrafted,58,10.2,4.2,1.3,2.9,2.90%,10.20%,13.30%,57.10%,6.10%
Dario Saric,PHX,26,10-Jun,225,None,Croatia,2014,1,12,58,10.1,5.9,1.9,-1.9,6.00%,17.80%,16.80%,57.20%,10.50%
Darius Bazley,OKC,20,8-Jun,208,None,USA,2019,1,23,53,4.5,3.7,0.5,-3.3,2.20%,17.30%,13.70%,47.50%,4.60%
Darius Garland,CLE,20,1-Jun,192,Vanderbilt,USA,2019,1,5,59,12.3,1.9,3.9,-8.7,1.40%,4.60%,20.10%,49.80%,18.20%
Daryl Macon,MIA,24,2-Jun,185,Arkansas,USA,Undrafted,Undrafted,Undrafted,4,0.8,0,0.3,7.6,0.00%,0.00%,16.70%,50.00%,14.30%
David Nwaba,HOU,27,5-Jun,219,None,USA,Undrafted,Undrafted,Undrafted,20,5.2,2.3,0.4,7.2,2.70%,10.90%,13.90%,62.70%,4.60%
Davis Bertans,WAS,27,10-Jun,225,None,Latvia,2011,2,42,54,15.4,4.5,1.7,-0.3,2.10%,13.00%,18.30%,62.80%,8.10%
De'Aaron Fox,SAC,22,3-Jun,185,Kentucky,USA,2017,1,5,45,20.4,4,6.8,-2.9,2.00%,10.60%,28.70%,55.60%,33.30%
De'Andre Hunter,ATL,22,7-Jun,225,Virginia,USA,2019,1,4,63,12.3,4.5,1.8,-5.5,2.10%,11.60%,17.30%,52.10%,7.90%
De'Anthony Melton,MEM,22,2-Jun,200,USC,USA,2018,2,46,52,8.1,3.7,3,6.2,3.50%,13.90%,18.90%,52.50%,20.10%
DeAndre Jordan,BKN,31,11-Jun,265,Texas A&M,USA,2008,2,35,56,8.3,10,1.9,-1.8,10.50%,29.30%,13.60%,68.20%,13.20%
DeAndre' Bembry,ATL,25,5-Jun,210,St. Joseph's (PA),USA,2016,1,21,43,5.8,3.5,1.9,-11.8,3.40%,12.30%,13.70%,50.00%,13.00%
DeMar DeRozan,SAS,30,6-Jun,220,USC,USA,2009,1,9,61,22.2,5.6,5.6,-2.7,1.90%,14.20%,26.40%,59.70%,26.10%
DeMarre Carroll,HOU,33,6-Jun,215,Missouri,USA,2009,1,27,21,3.5,2.2,0.9,7.7,5.10%,14.30%,15.80%,52.30%,9.90%
Dean Wade,CLE,23,9-Jun,228,Kansas State,USA,Undrafted,Undrafted,Undrafted,12,1.7,1.6,0.2,-6.5,3.80%,21.30%,9.10%,74.40%,3.90%
Deandre Ayton,PHX,21,11-Jun,250,Arizona,Bahamas,2018,1,1,30,19,12,1.9,2.2,12.40%,22.90%,23.70%,57.10%,9.30%
Dejounte Murray,SAS,23,4-Jun,180,Washington,USA,2016,1,29,58,10.7,5.8,4.1,-5.1,4.50%,18.40%,20.50%,53.50%,23.80%
Delon Wright,DAL,28,5-Jun,185,Utah,USA,2015,1,20,65,7.3,4,3.4,1.9,4.20%,12.60%,14.30%,56.30%,21.70%
Dennis Schroder,OKC,26,1-Jun,172,None,Germany,2013,1,17,63,19,3.7,4.1,6,1.00%,10.00%,26.20%,57.30%,22.00%
Dennis Smith Jr.,NYK,22,2-Jun,205,North Carolina State,USA,2017,1,9,34,5.5,2.3,2.9,-17.1,3.40%,10.20%,22.30%,39.90%,29.70%
Denzel Valentine,CHI,26,4-Jun,220,Michigan State,USA,2016,1,14,36,6.8,2.1,1.2,-5,1.60%,13.80%,22.90%,51.10%,14.70%
Deonte Burton,OKC,26,4-Jun,240,Iowa State,USA,Undrafted,Undrafted,Undrafted,34,2.8,1.4,0.3,-12,2.00%,12.40%,18.40%,42.60%,6.30%
Derrick Favors,NOP,28,9-Jun,265,Georgia Tech,USA,2010,1,3,45,9.2,9.9,1.7,5.8,12.40%,24.80%,13.90%,62.40%,9.10%
Derrick Jones Jr.,MIA,23,6-Jun,210,UNLV,USA,Undrafted,Undrafted,Undrafted,51,8.9,4.2,1.1,-0.9,4.60%,11.80%,13.70%,60.90%,6.90%
Derrick Rose,DET,31,2-Jun,200,Memphis,USA,2008,1,1,50,18.1,2.4,5.6,-3.4,2.10%,7.10%,30.30%,55.50%,37.30%
Derrick Walton Jr.,LAC,25,Jun-00,185,Michigan,USA,Undrafted,Undrafted,Undrafted,26,2,0.6,1,-0.9,0.70%,5.40%,7.90%,61.70%,15.50%
Derrick White,SAS,25,4-Jun,190,Colorado,USA,2017,1,29,61,10.4,3.2,3.4,-0.3,2.00%,10.40%,17.50%,58.50%,19.90%
Devin Booker,PHX,23,5-Jun,206,Kentucky,USA,2015,1,13,62,26.1,4.2,6.6,1.2,1.20%,10.30%,28.90%,61.70%,29.00%
Devon Hall,OKC,24,5-Jun,215,Virginia,USA,2018,2,53,5,1,0.2,0.6,46.5,0.00%,4.30%,16.70%,37.00%,17.60%
Devonte' Graham,CHA,25,1-Jun,195,Kansas,USA,2018,2,34,63,18.2,3.4,7.5,-4.5,1.80%,7.80%,24.30%,53.70%,34.50%
Dewan Hernandez,TOR,23,10-Jun,235,Miami,USA,2019,2,59,4,1,1.8,0,-0.3,20.00%,33.30%,23.30%,34.00%,0.00%
Dewayne Dedmon,ATL,30,Jul-00,245,USC,USA,Undrafted,Undrafted,Undrafted,44,5.8,5.7,0.5,-0.7,7.50%,24.10%,17.90%,47.30%,4.10%
Dillon Brooks,MEM,24,7-Jun,225,Oregon,Canada,2017,2,45,65,15.7,3.3,2,-0.3,3.10%,7.50%,24.50%,50.80%,10.00%
Dion Waiters,LAL,28,3-Jun,210,Syracuse,USA,2012,1,4,3,9.3,3.7,1,13.5,0.00%,20.80%,29.60%,53.00%,12.50%
Domantas Sabonis,IND,24,11-Jun,240,Gonzaga,Lithuania,2016,1,11,62,18.5,12.4,5,3.1,8.90%,26.20%,22.90%,58.60%,21.50%
Donovan Mitchell,UTA,23,1-Jun,215,Louisville,USA,2017,1,13,63,24.2,4.4,4.2,2.5,2.10%,10.20%,30.50%,56.00%,21.00%
Donta Hall,BKN,22,9-Jun,229,None,USA,Undrafted,Undrafted,Undrafted,4,1.5,3.8,0.5,-30.1,10.50%,25.70%,7.80%,45.20%,7.10%
Donte DiVincenzo,MIL,23,4-Jun,203,Villanova,USA,2018,1,17,59,9.4,4.9,2.3,13.9,4.10%,14.30%,16.50%,57.00%,13.20%
Dorian Finney-Smith,DAL,27,7-Jun,220,Florida,USA,Undrafted,Undrafted,Undrafted,64,9.3,5.5,1.5,7.1,6.40%,11.00%,12.60%,59.70%,6.90%
Doug McDermott,IND,28,7-Jun,225,Creighton,USA,2014,1,11,62,10.4,2.5,1.1,4,1.80%,9.80%,18.60%,62.60%,8.00%
Dragan Bender,MIL,22,Jul-00,249,None,Croatia,2016,1,4,16,6.7,4.6,1.8,1.1,6.00%,18.30%,18.00%,54.50%,14.20%
Draymond Green,GSW,30,6-Jun,230,Michigan State,USA,2012,2,35,43,8,6.2,6.2,-7.2,1.80%,19.20%,15.60%,48.90%,31.00%
Drew Eubanks,SAS,23,9-Jun,245,None,USA,Undrafted,Undrafted,Undrafted,14,3.6,2.5,0.4,-15.1,6.30%,20.90%,14.00%,77.60%,6.00%
Duncan Robinson,MIA,26,7-Jun,215,Michigan,USA,Undrafted,Undrafted,Undrafted,65,13.3,3.3,1.4,7.7,0.50%,10.10%,15.40%,67.80%,6.70%
Dusty Hannahs,MEM,26,3-Jun,210,Arkansas,USA,Undrafted,Undrafted,Undrafted,2,6,0.5,0,17.2,0.00%,6.30%,28.60%,60.70%,0.00%
Dwayne Bacon,CHA,24,6-Jun,221,Florida State,USA,2017,2,40,39,5.7,2.6,1.3,-8.2,2.00%,12.40%,18.90%,41.90%,12.10%
Dwight Howard,LAL,34,10-Jun,265,None,USA,2004,1,1,62,7.5,7.4,0.7,6.8,12.70%,25.00%,14.30%,69.60%,4.80%
Dwight Powell,DAL,28,10-Jun,240,Stanford,Canada,2014,2,45,40,9.4,5.7,1.5,8.9,7.10%,13.20%,12.60%,67.70%,7.60%
Dzanan Musa,BKN,21,9-Jun,217,None,Bosnia and He...,2018,1,29,35,4.2,2,0.9,-5.3,4.20%,11.20%,18.70%,46.70%,11.60%
E'Twaun Moore,NOP,31,3-Jun,191,Purdue,USA,2011,2,55,51,8.6,2.4,1.4,-1.9,2.70%,9.50%,19.60%,50.90%,10.90%
Ed Davis,UTA,31,9-Jun,218,North Carolina,USA,2010,1,13,25,1.3,3.8,0.3,-13.8,10.20%,24.00%,8.40%,42.50%,4.50%
Edmond Sumner,IND,24,4-Jun,196,Xavier,USA,2017,2,52,25,4.6,1.5,1.6,-3.7,2.90%,7.30%,17.10%,48.50%,15.10%
Elfrid Payton,NYK,26,3-Jun,195,Louisana-Lafayette,USA,2014,1,10,45,10,4.7,7.2,-3,3.90%,12.60%,19.00%,47.00%,34.70%
Elie Okobo,PHX,22,3-Jun,190,None,France,2018,2,31,54,4,1.6,2.1,-3.3,2.20%,10.10%,14.90%,51.10%,22.70%
Emmanuel Mudiay,UTA,24,3-Jun,200,None,Democratic Re...,2015,1,7,48,7.3,2.4,2.2,1.3,2.30%,11.70%,21.40%,55.00%,21.70%
Enes Kanter,BOS,28,10-Jun,250,,Turkey,2011,1,3,51,8.2,7.7,1,8.3,15.00%,26.60%,18.50%,59.40%,8.20%
Eric Bledsoe,MIL,30,1-Jun,214,Kentucky,USA,2010,1,18,56,15.4,4.6,5.4,13.3,2.60%,11.90%,23.60%,57.90%,27.40%
Eric Gordon,HOU,31,3-Jun,215,Indiana,USA,2008,1,7,34,14.5,1.9,1.5,1.4,0.70%,5.40%,21.10%,51.10%,7.90%
Eric Mika,SAC,25,10-Jun,233,None,USA,Undrafted,Undrafted,Undrafted,1,6,7,0,19.5,11.10%,26.30%,8.90%,77.30%,0.00%
Eric Paschall,GSW,23,6-Jun,255,Villanova,USA,2019,2,41,60,14,4.6,2.1,-10.6,4.70%,11.60%,20.70%,57.10%,12.60%
Ersan Ilyasova,MIL,33,9-Jun,235,None,Turkey,2005,2,36,56,6.8,4.9,0.8,6.9,6.30%,21.10%,16.10%,59.10%,6.90%
Evan Fournier,ORL,27,7-Jun,205,None,France,2012,1,20,61,18.8,2.6,3.2,-3,0.80%,7.30%,23.80%,59.90%,16.10%
Evan Turner,MIN,31,6-Jun,220,Ohio State,USA,2010,1,2,19,3.3,2,2,-11.4,2.80%,10.70%,15.40%,42.40%,23.50%
Frank Jackson,NOP,22,3-Jun,205,Duke,USA,2017,2,31,51,5.6,1.4,0.8,-5.9,2.60%,7.20%,19.60%,50.00%,8.60%
Frank Kaminsky,PHX,27,Jul-00,240,Wisconsin,USA,2015,1,9,32,11,4.9,2.2,-2.3,3.90%,17.70%,20.20%,55.40%,15.10%
Frank Mason,MIL,26,11-May,190,Kansas,USA,2017,2,34,6,2.3,1.3,1.8,-9.3,4.50%,8.10%,20.10%,33.70%,31.40%
Frank Ntilikina,NYK,21,4-Jun,200,None,France,2017,1,8,57,6.3,2.1,3,-3.9,1.80%,8.20%,15.20%,49.70%,20.90%
Fred VanVleet,TOR,26,1-Jun,197,Wichita State,USA,Undrafted,Undrafted,Undrafted,48,17.6,3.8,6.6,5.1,1.00%,8.70%,22.00%,54.60%,27.50%
Furkan Korkmaz,PHI,22,7-Jun,202,None,Turkey,2016,1,26,64,9.7,2.3,1.1,2.9,1.10%,9.00%,17.80%,57.10%,7.30%
Gabe Vincent,MIA,24,3-Jun,200,Cal-Santa Barbara,USA,Undrafted,Undrafted,Undrafted,6,2,0.5,0.5,-6.9,0.00%,7.00%,19.40%,31.60%,12.50%
Garrett Temple,BKN,34,5-Jun,195,Louisiana State,USA,Undrafted,Undrafted,Undrafted,55,10.3,3.5,2.6,-1.6,1.60%,9.10%,16.10%,50.70%,13.50%
Garrison Mathews,WAS,23,5-Jun,215,None,USA,Undrafted,Undrafted,Undrafted,18,5.4,1.3,0.6,7.1,2.50%,7.50%,13.70%,69.10%,6.30%
Gary Clark,ORL,25,6-Jun,225,Cincinnati,USA,Undrafted,Undrafted,Undrafted,35,3.2,2.4,0.4,-1.6,5.50%,12.40%,10.30%,53.40%,5.00%
Gary Harris,DEN,25,4-Jun,210,Michigan State,USA,2014,1,19,56,10.4,2.9,2.1,3.4,1.50%,7.70%,15.00%,51.90%,9.10%
Gary Payton II,WAS,27,3-Jun,195,Oregon State,USA,Undrafted,Undrafted,Undrafted,29,3.9,2.8,1.7,-14.3,5.30%,12.70%,12.90%,47.30%,15.80%
Gary Trent Jr.,POR,21,5-Jun,209,Duke,USA,2018,2,37,53,7.7,1.7,0.9,-4.4,1.70%,5.80%,15.10%,55.50%,6.70%
George Hill,MIL,34,3-Jun,188,None,USA,2008,1,26,52,9.6,3,2.9,11.5,3.90%,8.50%,15.50%,66.80%,18.90%
Georges Niang,UTA,27,7-Jun,230,Iowa State,USA,2016,2,50,58,5.8,1.9,0.6,-1.2,1.50%,11.90%,16.20%,61.20%,6.60%
Giannis Antetokounmpo,MIL,25,11-Jun,242,None,Greece,2013,1,15,57,29.6,13.7,5.8,16.1,6.90%,30.50%,36.20%,60.80%,33.00%
Glenn Robinson III,PHI,26,6-Jun,222,Michigan,USA,2014,2,40,60,11.8,4.3,1.6,-7.9,4.20%,10.40%,16.00%,57.60%,8.30%
Goga Bitadze,IND,20,11-Jun,250,None,Georgia,2019,1,18,49,3.1,2,0.4,-2.6,5.30%,15.50%,17.30%,53.00%,7.10%
Goran Dragic,MIA,34,3-Jun,190,None,Slovenia,2008,2,45,54,16.1,3.1,5.1,2.3,1.70%,8.60%,24.70%,57.10%,29.30%
Gordon Hayward,BOS,30,7-Jun,225,Butler,USA,2010,1,9,45,17.3,6.5,4.1,8,2.90%,15.60%,20.40%,59.30%,18.00%
Gorgui Dieng,MEM,30,10-Jun,252,Louisville,Senegal,2013,1,21,58,7.4,5.8,1.2,-3.9,7.60%,22.70%,17.60%,56.40%,11.50%
Grant Williams,BOS,21,6-Jun,236,Tennessee,USA,2019,1,22,62,3.5,2.7,1,7.4,5.60%,10.30%,11.00%,50.80%,8.40%
Grayson Allen,MEM,24,4-Jun,198,Duke,USA,2018,1,21,30,7.4,2.2,1.4,-6.5,0.90%,11.80%,17.30%,57.70%,11.90%
Hamidou Diallo,OKC,21,5-Jun,202,Kentucky,USA,2018,2,45,38,6.1,3.2,0.6,1.9,4.00%,11.90%,16.40%,48.80%,4.50%
Harrison Barnes,SAC,28,8-Jun,225,North Carolina,USA,2012,1,7,64,14.7,4.8,2.4,-1.2,2.70%,10.80%,17.20%,57.50%,9.80%
Harry Giles III,SAC,22,11-Jun,240,Duke,USA,2017,1,20,38,7,4.2,1.3,-7.7,5.80%,24.40%,19.70%,58.60%,12.80%
Hassan Whiteside,POR,31,Jul-00,265,Marshall,USA,2010,2,33,61,16.3,14.2,1.2,2.3,12.30%,29.60%,19.50%,64.10%,5.80%
Henry Ellenson,BKN,23,10-Jun,240,Marquette,USA,2016,1,18,5,0.4,1.2,0.2,27.3,11.10%,19.00%,15.90%,14.30%,12.50%
Ian Mahinmi,WAS,33,11-Jun,262,None,France,2005,1,28,38,7.4,5.7,1.3,-4.5,8.90%,17.60%,15.40%,54.50%,8.40%
Ignas Brazdeikis,NYK,21,6-Jun,221,Michigan,Lithuania,2019,2,47,9,1.9,0.6,0.4,-7.1,3.60%,6.80%,21.80%,35.10%,11.40%
Iman Shumpert,BKN,30,5-Jun,212,Georgia Tech,USA,2011,1,17,13,4.2,2.6,0.9,-9,3.50%,9.20%,13.40%,40.30%,7.80%
Isaac Bonga,WAS,20,8-Jun,180,None,Germany,2018,2,39,58,4.6,3.2,1.1,1.9,5.60%,12.10%,10.00%,62.70%,7.60%
Isaiah Hartenstein,HOU,22,Jul-00,250,None,Germany,2017,2,43,23,4.7,3.9,0.8,8.7,10.70%,20.00%,14.40%,67.40%,9.50%
Isaiah Roby,OKC,22,8-Jun,230,University of Nebraska-Lincoln,USA,2019,2,45,3,0,0.7,0,-11.5,0.00%,16.70%,7.10%,0.00%,0.00%
Isaiah Thomas,WAS,31,9-May,185,Washington,USA,2011,2,60,40,12.2,1.7,3.7,-10.4,1.10%,6.30%,23.60%,53.10%,22.40%
Ish Smith,WAS,31,Jun-00,175,Wake Forest,USA,Undrafted,Undrafted,Undrafted,60,10.5,3.2,4.8,-3.5,1.60%,10.00%,17.80%,51.20%,25.50%
Ivica Zubac,LAC,23,Jul-00,240,None,Croatia,2016,2,32,64,8,7.2,1.1,7.9,13.40%,23.30%,16.20%,64.20%,8.80%
J.J. Barea,DAL,36,10-May,180,Northeastern,Puerto Rico,Undrafted,Undrafted,Undrafted,26,7.5,1.8,3.8,5.5,2.50%,9.80%,24.50%,51.90%,36.70%
J.P. Macura,CLE,25,4-Jun,203,Xavier,USA,Undrafted,Undrafted,Undrafted,1,0,0,0,150,0.00%,0.00%,0.00%,0.00%,0.00%
JJ Redick,NOP,36,3-Jun,200,Duke,USA,2006,1,11,54,14.9,2.6,2,-0.2,0.60%,8.60%,19.30%,63.90%,10.60%
Ja Morant,MEM,20,3-Jun,174,Murray State,USA,2019,1,2,59,17.6,3.5,6.9,-0.4,2.50%,8.20%,25.80%,56.80%,34.80%
JaKarr Sampson,IND,27,7-Jun,214,"St. John's, N.Y.",USA,Undrafted,Undrafted,Undrafted,26,4.2,2.3,0.3,2.1,4.60%,12.70%,12.00%,60.70%,3.30%
JaMychal Green,LAC,30,8-Jun,227,Alabama,USA,Undrafted,Undrafted,Undrafted,55,6.5,6.3,0.8,5.3,6.10%,21.00%,12.90%,55.40%,5.10%
JaVale McGee,LAL,32,Jul-00,270,Nevada-Reno,USA,2008,1,18,61,6.8,5.8,0.6,8.9,11.00%,21.60%,14.60%,65.50%,4.40%
Jabari Parker,SAC,25,8-Jun,245,Duke,USA,2014,1,2,33,14.7,5.9,1.8,-7.7,6.10%,16.90%,23.40%,56.10%,10.80%
Jacob Evans,MIN,23,4-Jun,210,Cincinnati,USA,2018,1,28,29,4.4,1.4,1.1,-11,1.90%,7.70%,16.70%,43.60%,12.00%
Jae Crowder,MIA,29,6-Jun,235,Marquette,USA,2012,2,34,58,10.4,6.1,2.6,-3.7,2.70%,17.10%,15.30%,53.20%,12.00%
Jahlil Okafor,NOP,24,10-Jun,270,Duke,USA,2015,1,3,28,7.6,4.3,1.3,-11.8,9.70%,16.40%,19.30%,63.10%,13.00%
Jake Layman,MIN,26,8-Jun,209,Maryland,USA,2016,2,47,23,9.1,2.5,0.7,2,3.00%,7.50%,16.50%,54.40%,4.10%
Jakob Poeltl,SAS,24,1-Jul,245,Utah,Austria,2016,1,9,58,5.3,5.3,1.8,3.9,10.20%,19.80%,12.50%,61.10%,13.60%
Jalen Brunson,DAL,23,1-Jun,190,Villanova,USA,2018,2,33,57,8.2,2.4,3.3,7.6,2.10%,10.00%,19.90%,55.30%,26.50%
Jalen Lecque,PHX,20,4-Jun,185,None,USA,Undrafted,Undrafted,Undrafted,4,2.5,0,0.5,-29.1,0.00%,0.00%,21.40%,46.00%,13.30%
Jalen McDaniels,CHA,22,10-Jun,205,San Diego State,USA,2019,2,52,16,5.6,4.1,0.8,-3.6,5.00%,17.20%,13.10%,57.40%,6.90%
Jamal Murray,DEN,23,4-Jun,215,Kentucky,Canada,2016,1,7,55,18.8,3.9,4.8,5.9,2.40%,9.70%,24.80%,55.90%,22.50%
James Ennis III,ORL,29,6-Jun,215,Cal State-Long Beach,USA,2013,2,50,61,6,3.3,0.9,0,5.60%,13.10%,14.40%,55.70%,6.80%
James Harden,HOU,30,5-Jun,220,Arizona State,USA,2009,1,3,61,34.4,6.4,7.4,5.6,2.60%,13.20%,35.80%,61.60%,35.60%
James Johnson,MIN,33,7-Jun,240,Wake Forest,USA,2009,1,16,32,8.4,3.7,2.3,-4.6,3.80%,14.50%,18.60%,57.20%,17.70%
Jared Dudley,LAL,34,6-Jun,237,Boston College,USA,2007,1,22,40,1.5,1.1,0.5,2.5,1.60%,11.30%,8.00%,57.00%,8.60%
Jared Harper,NYK,22,10-May,175,None,USA,Undrafted,Undrafted,Undrafted,3,0.7,0,0,-61.1,0.00%,0.00%,22.20%,25.00%,0.00%
Jaren Jackson Jr.,MEM,20,11-Jun,242,Michigan State,USA,2018,1,4,54,16.9,4.7,1.4,-3.1,3.40%,12.40%,23.70%,59.00%,7.60%
Jarred Vanderbilt,MIN,21,9-Jun,214,Kentucky,USA,2018,2,41,11,1.1,0.8,0.2,-23.4,6.50%,14.30%,13.30%,67.60%,5.70%
Jarrell Brantley,UTA,24,5-Jun,250,College of Charleston,USA,2019,2,50,5,0,1,0.2,2.6,0.00%,31.30%,5.70%,0.00%,10.00%
Jarrett Allen,BKN,22,11-Jun,243,Texas,USA,2017,1,22,64,10.6,9.5,1.3,0.5,10.90%,22.80%,14.80%,65.80%,7.50%
Jarrett Culver,MIN,21,6-Jun,195,Texas Tech,USA,2019,1,6,63,9.2,3.4,1.7,-3.3,4.10%,9.20%,18.70%,46.70%,10.50%
Jarrod Uthoff,WAS,27,9-Jun,220,Iowa,USA,Undrafted,Undrafted,Undrafted,4,1,0.3,0,24.4,7.10%,0.00%,20.50%,25.40%,0.00%
Javonte Green,BOS,26,4-Jun,205,Radford University,USA,Undrafted,Undrafted,Undrafted,44,2.9,1.8,0.5,-0.1,4.40%,13.50%,13.30%,55.80%,7.60%
Jaxson Hayes,NOP,20,11-Jun,220,Texas,USA,2019,1,8,56,7.5,4,0.9,-2.1,8.10%,13.70%,14.80%,67.50%,7.70%
Jaylen Brown,BOS,23,6-Jun,223,California,USA,2016,1,3,50,20.4,6.4,2.2,6.5,3.10%,14.80%,24.50%,58.90%,10.00%
Jaylen Hoard,POR,21,8-Jun,216,None,France,Undrafted,Undrafted,Undrafted,13,2.9,2.5,0.3,3,11.10%,15.80%,15.30%,50.40%,5.40%
Jaylen Nowell,MIN,20,4-Jun,201,Washington,USA,2019,2,43,15,3.8,0.9,1.3,1.2,1.60%,6.50%,16.50%,47.10%,19.40%
Jayson Tatum,BOS,22,8-Jun,210,Duke,USA,2017,1,3,59,23.6,7.1,2.9,10.3,2.60%,16.80%,27.90%,56.20%,13.80%
Jeff Green,HOU,33,8-Jun,235,Georgetown,USA,2007,1,5,40,8.4,2.8,0.8,-2.7,3.00%,11.20%,18.50%,57.50%,6.50%
Jeff Teague,ATL,32,3-Jun,195,Wake Forest,USA,2009,1,19,59,10.9,2.4,5.2,-5.7,1.70%,7.40%,19.20%,55.70%,30.60%
Jerami Grant,DEN,26,8-Jun,210,Syracuse,USA,2014,2,39,64,11.6,3.5,1.2,-2.1,3.20%,10.20%,17.60%,58.50%,6.90%
Jeremiah Martin,BKN,24,2-Jun,185,Memphis,USA,Undrafted,Undrafted,Undrafted,3,0.7,0.7,0.7,5.9,0.00%,10.00%,13.90%,20.00%,15.40%
Jeremy Lamb,IND,28,5-Jun,180,Connecticut,USA,2012,1,12,46,12.5,4.3,2.1,-0.9,1.90%,13.50%,19.50%,54.70%,10.70%
Jeremy Pargo,GSW,34,2-Jun,219,Gonzaga,USA,Undrafted,Undrafted,Undrafted,3,8.3,1,2.7,2.4,2.40%,4.80%,26.80%,55.70%,30.80%
Jerome Robinson,WAS,23,4-Jun,190,Boston College,USA,2018,1,13,55,3.7,1.9,1.2,2.2,1.10%,11.50%,13.90%,43.90%,11.70%
Jevon Carter,PHX,24,1-Jun,200,West Virginia,USA,2018,2,32,50,4.6,2,1.3,-3.8,3.30%,9.50%,13.80%,53.50%,12.90%
Jimmy Butler,MIA,30,7-Jun,230,Marquette,USA,2011,1,30,54,20.2,6.6,6.1,4.9,5.40%,13.70%,24.80%,58.30%,28.40%
Joe Chealey,CHA,24,4-Jun,190,College of Charleston,USA,Undrafted,Undrafted,Undrafted,4,0.5,0,0.3,-23.4,0.00%,0.00%,12.80%,12.70%,6.30%
Joe Harris,BKN,28,6-Jun,220,Virginia,USA,2014,2,33,63,13.9,4.3,2.1,1.6,2.80%,10.00%,17.60%,59.20%,9.80%
Joe Ingles,UTA,32,7-Jun,220,None,Australia,Undrafted,Undrafted,Undrafted,64,9.8,4,5.2,5.8,1.20%,11.40%,14.70%,58.80%,24.00%
Joel Embiid,PHI,26,Jul-00,280,Kansas,Cameroon,2014,1,3,44,23.4,11.8,3.1,4.8,8.90%,27.80%,31.30%,59.30%,18.50%
John Collins,ATL,22,9-Jun,235,Wake Forest,USA,2017,1,19,41,21.6,10.1,1.5,-5.1,8.00%,20.80%,22.40%,65.90%,7.50%
John Henson,DET,29,9-Jun,219,North Carolina,USA,2012,1,14,40,5.5,4.1,1.4,-0.7,7.70%,19.10%,16.00%,57.80%,13.30%
John Konchar,MEM,24,5-Jun,210,None,USA,Undrafted,Undrafted,Undrafted,15,3.4,3.1,1.4,4.8,9.90%,16.10%,9.80%,71.10%,16.70%
Johnathan Motley,LAC,25,8-Jun,230,Baylor,USA,Undrafted,Undrafted,Undrafted,13,2.2,0.8,0.6,5.7,7.70%,18.90%,23.50%,77.40%,30.80%
Johnathan Williams,WAS,25,9-Jun,228,Gonzaga,USA,Undrafted,Undrafted,Undrafted,11,3.2,3.9,0.5,-17.9,9.90%,19.90%,9.20%,64.30%,6.70%
Jonah Bolden,PHI,24,8-Jun,225,None,Australia,2017,2,36,7,1.4,1.3,0,-3.2,6.40%,14.00%,13.00%,39.20%,0.00%
Jonas Valanciunas,MEM,28,11-Jun,265,None,Lithuania,2011,1,5,62,14.9,11.2,1.8,0.4,11.10%,27.70%,21.00%,63.10%,10.20%
Jonathan Isaac,ORL,22,11-Jun,230,Florida State,USA,2017,1,6,32,12,6.9,1.4,0.3,5.70%,17.40%,18.10%,54.20%,7.00%
Jordan Bell,CLE,25,8-Jun,216,Oregon,USA,2017,2,38,29,3.2,2.8,0.6,-1.6,11.00%,18.70%,15.90%,57.70%,9.00%
Jordan Bone,DET,22,3-Jun,180,Tennessee,USA,2019,2,57,10,1.2,0.4,0.8,-2.9,0.00%,9.10%,17.10%,30.00%,23.50%
Jordan Clarkson,UTA,28,4-Jun,194,Missouri,USA,2014,2,46,63,15.1,2.7,2,0.4,3.00%,7.60%,24.60%,58.30%,13.10%
Jordan McLaughlin,MIN,24,11-May,185,USC,USA,Undrafted,Undrafted,Undrafted,30,7.6,1.6,4.2,-5.8,1.00%,7.90%,15.10%,58.70%,30.30%
Jordan McRae,DET,29,5-Jun,179,Tennessee,USA,2014,2,58,37,11.5,3.4,2.5,-4.1,2.20%,13.90%,23.90%,51.50%,17.40%
Jordan Poole,GSW,21,4-Jun,194,Michigan,USA,2019,1,28,57,8.8,2.1,2.4,-8.2,0.70%,8.70%,20.00%,45.40%,16.00%
Josh Gray,NOP,26,Jun-00,180,None,USA,Undrafted,Undrafted,Undrafted,2,1,1,1,-14.9,5.30%,4.00%,13.70%,50.00%,15.40%
Josh Hart,NOP,25,5-Jun,215,Villanova,USA,2017,1,30,57,10.2,6.5,1.6,-2.9,3.10%,19.00%,14.90%,55.60%,8.20%
Josh Jackson,MEM,23,8-Jun,207,Kansas,USA,2017,1,4,18,10.4,3.2,1.7,3.3,2.80%,11.70%,21.70%,53.90%,11.80%
Josh Magette,ORL,30,1-Jun,160,Alabama Huntsville,USA,Undrafted,Undrafted,Undrafted,8,1.5,0.8,0.6,2.4,2.20%,12.80%,22.60%,37.80%,23.80%
Josh Okogie,MIN,21,4-Jun,213,Georgia Institute of Technology,Nigeria,2018,1,20,62,8.6,4.3,1.6,-4.7,5.00%,11.40%,14.80%,55.30%,8.90%
Josh Reaves,DAL,23,4-Jun,214,Penn State,USA,Undrafted,Undrafted,Undrafted,2,0,0,0,-100,0.00%,0.00%,33.30%,0.00%,0.00%
Josh Richardson,PHI,26,5-Jun,200,Tennessee,USA,2015,2,40,48,13.8,3.4,3.1,3.8,2.40%,8.00%,20.50%,52.60%,14.70%
Jrue Holiday,NOP,30,3-Jun,205,UCLA,USA,2009,1,17,55,19.6,4.9,6.9,0.6,3.40%,9.60%,24.40%,53.50%,28.90%
Juan Toscano-Anderson,GSW,27,6-Jun,209,None,USA,Undrafted,Undrafted,Undrafted,13,5.3,4,2,-12,3.10%,16.30%,12.50%,52.90%,14.40%
Juancho Hernangomez,MIN,24,9-Jun,214,None,Spain,2016,1,15,48,6,4.1,0.8,-2.3,4.60%,18.40%,14.90%,51.80%,6.30%
Julius Randle,NYK,25,8-Jun,250,Kentucky,USA,2014,1,7,64,19.5,9.7,3.1,-5.9,6.70%,22.30%,27.10%,53.80%,15.80%
Justin Anderson,BKN,26,5-Jun,231,Virginia,USA,2015,1,21,3,1,0.7,0,-25.4,0.00%,9.10%,15.90%,21.80%,0.00%
Justin Holiday,IND,31,6-Jun,180,Washington,USA,Undrafted,Undrafted,Undrafted,65,8.4,3.2,1.3,1.9,1.80%,10.10%,13.00%,59.80%,7.10%
Justin Jackson,DAL,25,7-Jun,220,North Carolina,USA,2017,1,15,58,5.7,2.4,0.8,0.7,2.70%,12.00%,15.30%,49.80%,7.20%
Justin James,SAC,23,7-Jun,190,Wyoming,USA,2019,2,40,34,2.5,0.9,0.5,-1.6,2.60%,11.00%,18.40%,48.70%,11.60%
Justin Patton,DET,23,11-Jun,241,Creighton,USA,2017,1,16,5,1.8,1,0.4,-32,4.20%,17.40%,19.40%,45.00%,11.10%
Justin Robinson,WAS,22,1-Jun,195,None,USA,Undrafted,Undrafted,Undrafted,9,1.4,0.6,0.8,29.9,2.20%,9.80%,13.30%,54.20%,19.40%
Justin Wright-Foreman,UTA,22,Jun-00,190,Hofstra,USA,2019,2,53,1,0,0,0,66.7,0.00%,0.00%,0.00%,0.00%,0.00%
Justise Winslow,MEM,24,6-Jun,222,Duke,USA,2015,1,10,11,11.3,6.6,4,6.4,4.30%,15.40%,19.00%,44.00%,18.30%
Juwan Morgan,UTA,23,7-Jun,232,Indiana,USA,Undrafted,Undrafted,Undrafted,16,1.2,1.2,0.1,14.4,6.80%,16.10%,10.90%,55.90%,3.20%
KZ Okpala,MIA,21,8-Jun,215,Stanford,USA,2019,2,32,5,1.4,1,0.2,-31.7,3.80%,16.00%,10.20%,59.50%,7.70%
Kadeem Allen,NYK,27,1-Jun,200,Arizona,USA,2017,2,53,10,5,0.9,2.1,-10.1,1.60%,6.50%,19.10%,51.20%,25.90%
Karl-Anthony Towns,MIN,24,11-Jun,248,Kentucky,USA,2015,1,1,35,26.5,10.8,4.4,-1.5,7.50%,24.00%,27.80%,64.20%,21.00%
Kawhi Leonard,LAC,29,7-Jun,225,San Diego State,USA,2011,1,15,51,26.9,7.3,5,11.4,3.00%,18.00%,32.80%,58.50%,26.20%
Keita Bates-Diop,DEN,24,8-Jun,229,Ohio State,USA,2018,2,48,39,6.6,2.9,0.8,-10.7,2.70%,12.90%,15.50%,54.10%,7.30%
Kelan Martin,MIN,24,5-Jun,230,None,USA,Undrafted,Undrafted,Undrafted,31,6.4,3.1,0.7,-1.7,2.10%,15.40%,17.10%,50.60%,7.10%
Keldon Johnson,SAS,20,5-Jun,220,Kentucky,USA,2019,1,29,9,4.6,1.9,0.7,13.7,5.50%,12.10%,18.10%,57.90%,9.10%
Kelly Olynyk,MIA,29,11-Jun,240,Gonzaga,Canada,2013,1,13,59,7.7,4.4,1.6,2.9,3.40%,19.20%,15.90%,64.00%,13.00%
Kelly Oubre Jr.,PHX,24,7-Jun,203,Kansas,USA,2015,1,15,56,18.7,6.4,1.5,0.2,3.40%,15.10%,21.90%,56.00%,6.60%
Kemba Walker,BOS,30,Jun-00,184,Connecticut,USA,2011,1,9,50,21.2,4.1,4.9,7.5,2.00%,10.40%,27.30%,56.90%,23.30%
Kendrick Nunn,MIA,24,2-Jun,190,Oakland,USA,Undrafted,Undrafted,Undrafted,62,15.6,2.7,3.4,2.4,1.10%,7.90%,23.30%,54.50%,18.20%
Kenrich Williams,NOP,25,6-Jun,210,None,USA,Undrafted,Undrafted,Undrafted,35,3.8,5.1,1.5,-2.3,5.60%,15.80%,9.00%,43.00%,8.80%
Kent Bazemore,SAC,30,4-Jun,195,Old Dominion,USA,Undrafted,Undrafted,Undrafted,64,8.7,4.3,1.3,1.2,1.40%,14.30%,16.80%,50.00%,7.40%
Kentavious Caldwell-Pope,LAL,27,5-Jun,204,Georgia,USA,2013,1,8,63,9.5,2.1,1.7,5.6,2.20%,5.60%,14.30%,59.20%,8.60%
Kevin Hervey,OKC,23,9-Jun,230,Texas-Arlington,USA,2018,2,57,7,0.3,0.3,0.1,-13.3,0.00%,10.00%,22.00%,9.10%,10.00%
Kevin Huerter,ATL,21,7-Jun,190,Maryland,USA,2018,1,19,56,12.2,4.1,3.8,-6.1,1.90%,10.60%,16.90%,53.60%,17.10%
Kevin Knox II,NYK,20,7-Jun,215,Kentucky,USA,2018,1,9,65,6.4,2.8,0.9,-7.3,2.10%,12.80%,17.20%,47.00%,7.60%
Kevin Love,CLE,31,8-Jun,251,UCLA,USA,2008,1,5,56,17.6,9.8,3.2,-8,3.00%,28.60%,22.50%,59.90%,15.00%
Kevin Porter Jr.,CLE,20,4-Jun,203,USC,USA,2019,1,30,50,10,3.2,2.2,-11.2,1.80%,12.10%,20.20%,53.50%,14.70%
Kevon Looney,GSW,24,9-Jun,222,UCLA,USA,2015,1,30,20,3.4,3.3,1,-18.3,9.80%,15.10%,14.70%,40.30%,12.00%
Khem Birch,ORL,27,9-Jun,233,UNLV,Canada,Undrafted,Undrafted,Undrafted,40,3.8,4.5,0.9,-6.2,8.10%,14.50%,9.20%,52.90%,6.50%
Khris Middleton,MIL,28,7-Jun,222,Texas A&M,USA,2012,2,39,55,21.1,6.2,4.1,13.8,2.30%,15.60%,25.90%,61.90%,20.00%
Khyri Thomas,DET,24,3-Jun,210,Creighton,USA,2018,2,38,8,2.1,0.1,0.4,-28.7,1.20%,0.00%,14.90%,45.30%,9.70%
Kostas Antetokounmpo,LAL,22,10-Jun,200,University of Dayton,Greece,2018,2,60,3,0,0.3,0.3,-16.7,0.00%,33.30%,0.00%,0.00%,16.70%
Kris Dunn,CHI,26,3-Jun,205,Providence,USA,2016,1,5,51,7.3,3.6,3.4,-0.1,1.70%,13.20%,14.50%,51.00%,19.80%
Kristaps Porzingis,DAL,24,3-Jul,240,None,Latvia,2015,1,4,51,19.2,9.5,1.7,8.6,5.30%,22.20%,25.80%,54.00%,8.60%
Ky Bowman,GSW,23,1-Jun,187,None,USA,Undrafted,Undrafted,Undrafted,45,7.4,2.7,2.9,-8.4,2.20%,9.30%,16.80%,49.40%,20.20%
Kyle Anderson,MEM,26,9-Jun,230,UCLA,USA,2014,1,30,59,5.7,4.4,2.2,-4.1,4.60%,15.60%,13.20%,54.20%,15.60%
Kyle Guy,SAC,22,1-Jun,167,Virginia,USA,2019,2,55,2,1,0,0,-30,0.00%,0.00%,20.00%,50.00%,0.00%
Kyle Korver,MIL,39,7-Jun,212,Creighton,USA,2003,2,51,50,6.7,2.1,1.2,7.9,1.60%,8.80%,14.70%,61.30%,9.30%
Kyle Kuzma,LAL,24,8-Jun,221,Utah,USA,2017,1,27,54,12.5,4.5,1.3,5.3,3.50%,13.40%,22.40%,52.20%,7.50%
Kyle Lowry,TOR,34,Jun-00,196,Villanova,USA,2006,1,24,52,19.7,4.8,7.7,6.1,1.50%,10.80%,22.50%,58.90%,30.90%
Kyle O'Quinn,PHI,30,9-Jun,250,Norfolk State,USA,2012,2,49,26,3.3,3.8,1.3,-8.9,11.20%,25.90%,15.40%,54.10%,19.20%
Kyrie Irving,BKN,28,2-Jun,195,Duke,Australia,2011,1,1,20,27.4,5.2,6.4,-0.4,3.20%,12.00%,31.80%,59.50%,33.10%
LaMarcus Aldridge,SAS,34,11-Jun,250,Texas,USA,2006,1,2,53,18.9,7.4,2.4,-3.2,5.80%,16.20%,23.60%,57.10%,11.70%
Landry Shamet,LAC,23,4-Jun,190,Wichita State,USA,2018,1,26,47,9.7,1.9,1.9,4.9,0.40%,5.80%,13.10%,59.90%,8.90%
Langston Galloway,DET,28,1-Jun,200,,USA,Undrafted,Undrafted,Undrafted,66,10.3,2.3,1.5,-4.4,1.90%,6.80%,14.90%,58.40%,8.90%
Larry Nance Jr.,CLE,27,7-Jun,245,Wyoming,USA,2015,1,27,56,10.1,7.3,2.2,-5.1,6.80%,20.90%,15.00%,60.80%,12.60%
Lauri Markkanen,CHI,23,Jul-00,240,Arizona,Finland,2017,1,7,50,14.7,6.3,1.5,-2,3.80%,17.40%,20.90%,56.00%,7.70%
LeBron James,LAL,35,9-Jun,250,None,USA,2003,1,1,60,25.7,7.9,10.6,10.3,2.80%,18.70%,30.80%,58.20%,48.10%
Lonnie Walker IV,SAS,21,5-Jun,204,Miami,USA,2018,1,18,53,5.6,2.2,0.9,-1.5,2.50%,11.80%,17.80%,51.50%,8.70%
Lonzo Ball,NOP,22,6-Jun,190,UCLA,USA,2017,1,2,56,12.4,6.2,7,0.5,3.20%,14.40%,18.30%,52.90%,29.30%
Lou Williams,LAC,33,1-Jun,175,None,USA,2005,2,45,60,18.7,3.1,5.7,4.6,1.50%,7.90%,27.00%,54.60%,29.50%
Louis King,DET,21,7-Jun,205,None,USA,Undrafted,Undrafted,Undrafted,10,2,1,0.5,11,1.50%,14.10%,16.30%,44.80%,12.50%
Luguentz Dort,OKC,21,3-Jun,215,Arizona State,Canada,Undrafted,Undrafted,Undrafted,29,6.2,1.9,0.7,4.6,2.40%,5.80%,12.80%,52.10%,4.40%
Luka Doncic,DAL,21,7-Jun,230,None,Slovenia,2018,1,3,54,28.7,9.3,8.7,6.2,3.70%,22.20%,35.80%,58.40%,44.80%
Luka Samanic,SAS,20,10-Jun,227,None,Croatia,2019,1,19,1,0,2,3,26.9,0.00%,13.30%,15.40%,0.00%,33.30%
Luke Kennard,DET,24,5-Jun,206,Duke,USA,2017,1,12,28,15.8,3.5,4.1,-2.1,1.00%,9.50%,19.30%,58.90%,18.80%
Luke Kornet,CHI,24,2-Jul,250,Vanderbilt,USA,Undrafted,Undrafted,Undrafted,36,6,2.3,0.9,-3.6,3.70%,11.80%,16.30%,53.90%,8.20%
Malcolm Brogdon,IND,27,5-Jun,229,Virginia,USA,2016,2,36,48,16.3,4.7,7.1,2.9,2.80%,12.30%,24.70%,53.70%,35.30%
Malcolm Miller,TOR,27,7-Jun,210,Holy Cross,USA,Undrafted,Undrafted,Undrafted,25,0.9,0.6,0.3,16.3,0.80%,9.00%,9.40%,43.20%,8.00%
Malik Beasley,MIN,23,4-Jun,187,Florida State,USA,2016,1,19,55,11.2,2.7,1.4,-1.9,1.40%,10.70%,20.80%,54.60%,9.30%
Malik Monk,CHA,22,3-Jun,200,Kentucky,USA,2017,1,11,55,10.3,2.9,2.1,-10.5,2.10%,10.80%,22.00%,53.00%,16.80%
Malik Newman,CLE,23,3-Jun,190,Kansas,USA,Undrafted,Undrafted,Undrafted,1,2,0,0,-30.4,0.00%,0.00%,57.10%,34.70%,0.00%
Marc Gasol,TOR,35,11-Jun,255,None,Spain,2007,2,48,36,7.6,6.3,3.4,10.4,2.90%,18.00%,12.70%,54.60%,16.60%
Marco Belinelli,SAS,34,5-Jun,220,None,Italy,2007,1,18,52,5.8,1.7,1.2,1.9,0.50%,10.30%,16.10%,52.10%,10.60%
Marcus Morris Sr.,LAC,30,8-Jun,218,Kansas,USA,2011,1,14,55,17.4,5.1,1.4,-0.8,2.90%,12.80%,22.40%,56.70%,6.80%
Marcus Smart,BOS,26,3-Jun,220,Oklahoma State,USA,2014,1,6,53,13.5,3.8,4.8,6.7,2.10%,8.90%,18.70%,51.90%,21.40%
Marial Shayok,PHI,24,5-Jun,198,Iowa State,Canada,2019,2,54,2,1.5,1.5,0.5,-40,0.00%,27.30%,21.40%,30.00%,11.10%
Mario Hezonja,POR,25,8-Jun,220,None,Croatia,2015,1,5,47,4.8,3.4,0.9,-9,3.10%,15.40%,13.40%,53.20%,7.70%
Markelle Fultz,ORL,22,3-Jun,209,Washington,USA,2017,1,1,64,12.1,3.3,5.2,-1.5,1.80%,9.90%,20.50%,52.30%,27.00%
Markieff Morris,LAL,30,8-Jun,245,Kansas,USA,2011,1,13,52,10.1,3.8,1.4,-5.5,3.00%,14.40%,20.50%,56.80%,10.20%
Marko Guduric,MEM,25,6-Jun,201,None,Serbia,Undrafted,Undrafted,Undrafted,42,4,1.7,1.1,-3.3,2.80%,11.40%,16.90%,51.50%,12.90%
Marques Bolden,CLE,22,10-Jun,249,None,USA,Undrafted,Undrafted,Undrafted,1,0,2,0,57.1,0.00%,50.00%,0.00%,0.00%,0.00%
Marquese Chriss,GSW,22,9-Jun,240,Washington,USA,2016,1,8,59,9.3,6.2,1.9,-9.5,8.90%,21.20%,18.40%,60.40%,15.00%
Marvin Bagley III,SAC,21,11-Jun,235,Duke,USA,2018,1,2,13,14.2,7.5,0.8,-12.6,8.20%,20.10%,24.80%,51.20%,5.00%
Marvin Williams,MIL,34,8-Jun,237,North Carolina,USA,2005,1,2,52,6.1,2.8,1.1,-3.8,1.90%,12.60%,12.50%,58.50%,8.00%
Mason Plumlee,DEN,30,11-Jun,254,Duke,USA,2013,1,22,53,7.2,5.3,2.4,0.8,9.20%,19.90%,17.60%,61.50%,19.80%
Matisse Thybulle,PHI,23,5-Jun,201,Washington,USA,2019,1,20,57,4.7,1.5,1.2,1.7,3.00%,4.60%,11.10%,53.00%,8.50%
Matt Mooney,CLE,23,2-Jun,199,Texas Tech,USA,Undrafted,Undrafted,Undrafted,4,0.5,0.8,0.3,17.5,0.00%,15.80%,8.00%,25.00%,7.10%
Matt Thomas,TOR,25,4-Jun,190,Iowa State,USA,Undrafted,Undrafted,Undrafted,33,4.5,1.5,0.5,-0.2,1.80%,10.80%,15.50%,65.00%,8.50%
Matthew Dellavedova,CLE,29,3-Jun,200,St. Mary's (CA),Australia,Undrafted,Undrafted,Undrafted,57,3.1,1.3,3.2,-1.2,2.20%,6.70%,12.80%,46.30%,29.70%
Maurice Harkless,NYK,27,7-Jun,220,"St. John's, N.Y.",USA,2012,1,15,62,5.8,3.9,1.1,1.2,3.80%,11.70%,10.50%,57.20%,6.20%
Max Strus,CHI,24,5-Jun,215,None,USA,Undrafted,Undrafted,Undrafted,2,2.5,0.5,0,105.8,16.70%,0.00%,15.80%,72.70%,0.00%
Maxi Kleber,DAL,28,10-Jun,240,None,Germany,Undrafted,Undrafted,Undrafted,66,9.2,5.4,1.2,4.1,5.30%,14.00%,13.40%,60.30%,6.40%
Melvin Frazier Jr.,ORL,23,5-Jun,215,Tulane,USA,2018,2,35,15,1.2,0.3,0.1,-2.4,1.80%,5.80%,16.40%,48.00%,3.30%
Meyers Leonard,MIA,28,Jul-00,260,Illinois,USA,2012,1,11,49,6.1,5.1,1.1,5.6,2.90%,21.70%,12.00%,64.00%,7.60%
Mfiondu Kabengele,LAC,22,9-Jun,250,Florida State,Canada,2019,1,27,12,3.5,0.9,0.2,0.8,1.70%,15.90%,24.20%,61.40%,5.00%
Michael Carter-Williams,ORL,28,5-Jun,190,Syracuse,USA,2013,1,11,42,7.2,3.3,2.4,1.4,5.20%,12.40%,17.50%,53.90%,19.50%
Michael Frazier,HOU,26,3-Jun,200,Florida,USA,Undrafted,Undrafted,Undrafted,8,1.8,0.4,0.1,-15.5,1.40%,3.60%,10.00%,51.30%,2.40%
Michael Kidd-Gilchrist,DAL,26,6-Jun,232,Kentucky,USA,2012,1,2,21,2.5,2.6,0.6,2.7,4.60%,16.30%,14.30%,40.10%,9.00%
Michael Porter Jr.,DEN,22,10-Jun,218,Missouri,USA,2018,1,14,48,7.5,4.1,0.7,0.8,7.40%,21.60%,20.40%,58.90%,7.50%
Mikal Bridges,PHX,23,6-Jun,209,Villanova,USA,2018,1,10,65,8.7,4,1.8,1.7,3.30%,10.90%,12.20%,62.30%,9.00%
Mike Conley,UTA,32,1-Jun,175,Ohio State,USA,2007,1,4,41,13.8,3.2,4.3,1.6,2.30%,8.60%,22.20%,52.70%,23.50%
Mike Muscala,OKC,28,10-Jun,240,Bucknell,USA,2013,2,44,41,4.6,2.3,0.8,-2.6,2.60%,16.10%,15.80%,56.00%,10.40%
Mike Scott,PHI,31,7-Jun,237,Virginia,USA,2012,2,43,63,5.7,3.6,0.8,4.6,5.00%,14.70%,13.00%,53.90%,5.90%
Miles Bridges,CHA,22,6-Jun,225,Michigan State,USA,2018,1,12,65,13,5.6,1.8,-9.7,4.20%,13.80%,19.60%,52.00%,9.20%
Mitchell Robinson,NYK,22,Jul-00,240,None,USA,2018,2,36,61,9.7,7,0.6,-2.9,12.20%,16.00%,12.90%,72.60%,3.90%
Miye Oni,UTA,22,5-Jun,206,Yale,USA,2019,2,58,5,0,0.4,0,-68,0.00%,15.40%,10.00%,0.00%,0.00%
Mo Bamba,ORL,22,Jul-00,231,University of Texas at Austin,USA,2018,1,6,60,5.5,5,0.7,1.8,9.90%,21.70%,16.40%,54.90%,7.70%
Monte Morris,DEN,25,2-Jun,183,Iowa State,USA,2017,2,51,65,8.4,1.7,3.5,1.7,1.40%,6.30%,16.50%,53.70%,23.20%
Montrezl Harrell,LAC,26,7-Jun,240,Louisville,USA,2015,2,32,63,18.6,7.1,1.7,6.5,8.90%,14.10%,24.50%,60.70%,10.20%
Moritz Wagner,WAS,23,11-Jun,245,Michigan,Germany,2018,1,25,37,9.5,5.2,1.3,-1.5,6.80%,20.30%,18.10%,66.60%,10.30%
Moses Brown,POR,20,2-Jul,245,None,USA,Undrafted,Undrafted,Undrafted,9,1.2,1.6,0.1,-50.9,7.30%,32.40%,20.00%,40.70%,4.80%
Mychal Mulder,GSW,26,3-Jun,184,Kentucky,Canada,Undrafted,Undrafted,Undrafted,7,11,3.3,1.1,6.2,1.60%,9.30%,16.50%,53.30%,5.30%
Myles Turner,IND,24,11-Jun,250,Texas,USA,2015,1,11,55,11.8,6.5,1.1,0.9,4.30%,17.10%,17.40%,56.10%,5.40%
Nassir Little,POR,20,5-Jun,220,North Carolina,USA,2019,1,25,48,3.6,2.3,0.5,-3.2,4.80%,12.00%,13.10%,50.50%,5.00%
Naz Mitrou-Long,IND,26,3-Jun,218,Iowa State,Canada,Undrafted,Undrafted,Undrafted,3,4.7,2,2.3,20.9,0.00%,11.50%,17.30%,43.80%,25.00%
Naz Reid,MIN,20,9-Jun,264,None,USA,Undrafted,Undrafted,Undrafted,30,9,4.1,1.2,0.7,6.00%,17.60%,23.40%,50.50%,10.60%
Nemanja Bjelica,SAC,32,10-Jun,234,None,Serbia,2010,2,35,64,11.9,6.4,2.8,-2.2,5.80%,17.30%,17.10%,59.70%,14.00%
Nerlens Noel,OKC,26,10-Jun,220,Kentucky,USA,2013,1,6,55,7.7,4.9,1,1.8,8.30%,17.60%,15.20%,71.40%,8.10%
Nickeil Alexander-Walker,NOP,21,5-Jun,205,Virginia Tech,Canada,2019,1,17,41,5.1,2,1.8,-5.1,1.50%,13.50%,22.70%,44.10%,20.70%
Nicolas Batum,CHA,31,9-Jun,230,None,France,2008,1,25,22,3.6,4.5,3,-3.3,4.90%,14.60%,9.30%,46.30%,17.30%
Nicolas Claxton,BKN,21,11-Jun,215,Georgia,USA,2019,2,31,15,4.4,2.9,1.1,-15.6,9.00%,11.20%,14.40%,57.70%,14.20%
Nicolo Melli,NOP,29,9-Jun,236,None,Italy,Undrafted,Undrafted,Undrafted,52,6.8,3,1.3,-5.5,3.80%,13.40%,15.90%,58.30%,10.90%
Nigel Williams-Goss,UTA,25,2-Jun,190,Gonzaga,USA,2017,2,55,9,0.4,0.6,0.6,15.6,6.50%,8.60%,14.10%,25.40%,23.80%
Nikola Jokic,DEN,25,Jul-00,284,None,Serbia,2014,2,41,65,20.2,10.2,6.9,5.2,7.50%,24.40%,26.70%,60.40%,34.30%
Nikola Vucevic,ORL,29,11-Jun,260,USC,Montenegro,2011,1,16,54,19.5,11,3.7,-0.4,7.10%,27.00%,25.60%,54.00%,18.60%
Noah Vonleh,DEN,24,10-Jun,257,Indiana,USA,2014,1,9,33,3.8,3.7,0.8,-5.1,8.70%,20.80%,13.60%,62.10%,11.50%
Norman Powell,TOR,27,3-Jun,215,UCLA,USA,2015,2,46,44,16.4,3.7,1.8,6.7,1.80%,9.50%,21.00%,62.90%,9.40%
Norvel Pelle,PHI,27,10-Jun,231,None,USA,Undrafted,Undrafted,Undrafted,20,2.1,3,0.4,-16.4,8.50%,23.70%,12.60%,52.10%,5.60%
OG Anunoby,TOR,22,7-Jun,232,Indiana,United Kingdo...,2017,1,23,63,10.7,5.4,1.6,5.7,3.90%,13.40%,14.30%,59.80%,7.30%
Omari Spellman,MIN,22,8-Jun,245,Villanova,USA,2018,1,30,49,7.6,4.5,1,-8.5,7.60%,15.50%,17.70%,55.10%,8.60%
Oshae Brissett,TOR,22,7-Jun,210,None,Canada,Undrafted,Undrafted,Undrafted,19,1.9,1.4,0.4,11.6,6.30%,10.90%,14.50%,45.80%,7.40%
Otto Porter Jr.,CHI,27,8-Jun,198,Georgetown,USA,2013,1,3,14,11.9,3.4,1.8,3.2,3.60%,10.80%,20.10%,55.00%,11.30%
P.J. Tucker,HOU,35,5-Jun,245,Texas,USA,2006,2,35,64,7.1,6.9,1.6,3,4.20%,14.30%,8.60%,58.00%,6.00%
P.J. Washington,CHA,21,7-Jun,230,Kentucky,USA,2019,1,12,58,12.2,5.4,2.1,-6.3,3.20%,14.50%,18.40%,54.70%,11.50%
PJ Dozier,DEN,23,6-Jun,205,South Carolina,USA,Undrafted,Undrafted,Undrafted,21,4.1,1.4,1.4,-1.6,1.90%,10.10%,18.40%,44.90%,17.00%
Pascal Siakam,TOR,26,9-Jun,230,New Mexico State,Cameroon,2016,1,27,53,23.6,7.5,3.6,8.7,3.00%,16.60%,28.20%,55.90%,16.50%
Pat Connaughton,MIL,27,5-Jun,209,Notre Dame,USA,2015,2,41,61,5.1,4.2,1.6,4.3,4.60%,15.30%,11.50%,55.80%,11.20%
Patrick Beverley,LAC,31,1-Jun,180,Arkansas,USA,2009,2,42,48,7.9,5.4,3.7,9.7,4.10%,14.40%,12.90%,55.40%,18.20%
Patrick McCaw,TOR,24,7-Jun,181,UNLV,USA,2016,2,38,37,4.6,2.3,2.1,0.6,2.00%,6.80%,9.30%,50.00%,11.80%
Patrick Patterson,LAC,31,8-Jun,235,Kentucky,USA,2010,1,14,51,4.6,2.4,0.6,4.4,4.60%,13.80%,14.70%,57.60%,7.10%
Patty Mills,SAS,31,1-Jun,180,St. Mary's (CA),Australia,2009,2,55,63,11.7,1.6,1.8,3.6,1.30%,5.20%,19.30%,58.90%,11.10%
Paul George,LAC,30,8-Jun,220,Fresno State,USA,2010,1,10,42,21,5.7,3.9,8.3,1.80%,16.50%,29.20%,58.20%,20.80%
Paul Millsap,DEN,35,7-Jun,257,Louisiana Tech,USA,2006,2,47,44,12,5.9,1.6,11.3,8.00%,15.80%,20.00%,59.80%,9.10%
Paul Watson,TOR,25,6-Jun,210,Fresno State,USA,Undrafted,Undrafted,Undrafted,5,0.2,0.8,1,14,0.00%,14.30%,12.30%,5.60%,23.80%
Quinn Cook,LAL,27,1-Jun,180,Duke,USA,Undrafted,Undrafted,Undrafted,38,4.8,1.1,1.1,8.8,1.60%,7.10%,20.10%,51.70%,14.00%
Quinndary Weatherspoon,SAS,23,3-Jun,205,Mississippi State,USA,2019,2,49,3,0,0.3,0.3,14.5,0.00%,5.60%,8.60%,0.00%,9.10%
RJ Barrett,NYK,20,6-Jun,214,Duke,Canada,2019,1,3,56,14.3,5,2.6,-9.1,2.70%,13.40%,23.40%,47.90%,12.70%
Rajon Rondo,LAL,34,1-Jun,180,Kentucky,USA,2006,1,21,48,7.1,3,5,1.4,2.20%,11.90%,18.40%,49.40%,34.00%
Raul Neto,PHI,28,1-Jun,180,None,Brazil,2013,2,47,49,4.3,1.1,1.6,1.8,1.90%,6.90%,17.20%,56.20%,21.40%
Rayjon Tucker,UTA,22,3-Jun,209,None,USA,Undrafted,Undrafted,Undrafted,14,1.4,0.9,0.1,-3.5,2.30%,15.70%,12.40%,44.80%,3.20%
Reggie Bullock,NYK,29,6-Jun,205,North Carolina,USA,2013,1,25,29,8.1,2.3,1.4,-5.8,1.80%,8.20%,15.30%,50.20%,8.70%
Reggie Jackson,LAC,30,3-Jun,208,Boston College,USA,2011,1,24,23,12.8,2.9,4.4,7.4,2.70%,8.80%,24.00%,53.30%,28.50%
Richaun Holmes,SAC,26,10-Jun,235,Bowling Green,USA,2015,2,37,39,12.8,8.3,1,1.6,10.30%,18.70%,15.90%,68.50%,5.30%
Ricky Rubio,PHX,29,3-Jun,190,None,Spain,2009,1,5,57,13.1,4.6,8.9,3.8,2.30%,12.40%,19.70%,53.10%,37.80%
Robert Covington,HOU,29,7-Jun,209,Tennessee State,USA,Undrafted,Undrafted,Undrafted,62,12.8,6.4,1.2,0.1,2.70%,17.70%,17.40%,57.10%,5.80%
Robert Williams III,BOS,22,8-Jun,237,Texas A&M,USA,2018,1,27,23,4.3,4.7,1,1.2,10.20%,21.40%,12.20%,67.10%,9.70%
Robin Lopez,MIL,32,Jul-00,281,Stanford,USA,2008,1,15,60,5.5,2.4,0.7,2.6,5.60%,9.10%,16.00%,56.50%,6.80%
Rodions Kurucs,BKN,22,9-Jun,228,None,Latvia,2018,2,40,39,4.2,2.5,0.8,-2.3,3.20%,13.20%,14.50%,55.40%,9.50%
Rodney Hood,POR,27,8-Jun,208,Duke,USA,2014,1,23,21,11,3.4,1.5,0.6,1.50%,9.20%,13.70%,62.50%,6.80%
Rodney McGruder,LAC,28,4-Jun,205,Kansas State,USA,Undrafted,Undrafted,Undrafted,50,3.2,2.6,0.6,0.7,3.30%,12.00%,10.00%,47.20%,5.20%
Romeo Langford,BOS,20,4-Jun,216,Indiana,USA,2019,1,14,27,2.6,1.2,0.2,8.5,4.30%,5.70%,11.60%,46.50%,2.60%
Rondae Hollis-Jefferson,TOR,25,6-Jun,217,Arizona,USA,2015,1,23,52,7.2,4.9,1.7,5.1,9.10%,14.10%,16.40%,53.30%,13.50%
Royce O'Neale,UTA,27,4-Jun,226,Baylor,USA,Undrafted,Undrafted,Undrafted,64,6.3,5.3,2.5,5.4,1.20%,15.90%,9.20%,58.40%,11.50%
Rudy Gay,SAS,33,8-Jun,250,Connecticut,USA,2006,1,8,60,10,5.4,1.7,-0.9,4.20%,19.50%,20.60%,54.50%,11.60%
Rudy Gobert,UTA,28,1-Jul,258,None,France,2013,1,27,62,15.1,13.7,1.5,6.1,10.40%,27.90%,16.10%,70.00%,6.50%
Rui Hachimura,WAS,22,8-Jun,230,Gonzaga,Japan,2019,1,9,41,13.4,6,1.7,-7.8,4.90%,15.90%,18.60%,54.30%,8.30%
Russell Westbrook,HOU,31,3-Jun,200,UCLA,USA,2008,1,4,53,27.5,8,7,3.6,4.40%,16.00%,33.00%,53.90%,33.80%
Ryan Anderson,HOU,32,9-Jun,240,California,USA,2008,1,21,2,2.5,3.5,1,21.2,0.00%,46.70%,24.20%,35.70%,16.70%
Ryan Arcidiacono,CHI,26,3-Jun,195,Villanova,USA,Undrafted,Undrafted,Undrafted,58,4.5,1.9,1.7,-4,1.90%,9.80%,12.10%,55.10%,14.30%
Ryan Broekhoff,PHI,29,6-Jun,215,None,Australia,Undrafted,Undrafted,Undrafted,17,4.2,2.5,0.6,2.1,2.50%,20.20%,15.50%,56.80%,8.30%
Sekou Doumbouya,DET,19,8-Jun,230,None,Guinea,2019,1,15,38,6.4,3.1,0.5,-10.8,2.60%,13.70%,16.40%,47.40%,3.70%
Semi Ojeleye,BOS,25,6-Jun,240,Southern Methodist,USA,2017,2,37,61,3.1,2,0.5,-0.4,2.50%,10.30%,8.60%,55.70%,4.90%
Serge Ibaka,TOR,30,Jul-00,235,None,Democratic Re...,2008,1,24,50,16,8.3,1.5,4.5,7.30%,20.20%,23.70%,59.30%,8.70%
Seth Curry,DAL,29,2-Jun,185,Duke,USA,Undrafted,Undrafted,Undrafted,59,12.6,2.4,2,4.7,1.70%,7.20%,17.80%,65.00%,12.30%
Shabazz Napier,WAS,28,Jun-00,175,Connecticut,USA,2014,1,24,51,10.3,2.9,5,-2.6,1.80%,10.00%,19.20%,55.50%,30.70%
Shai Gilgeous-Alexander,OKC,21,5-Jun,180,Kentucky,Canada,2018,1,11,63,19.3,6.1,3.3,3.7,2.10%,14.90%,23.50%,56.60%,14.40%
Shake Milton,PHI,23,5-Jun,205,Southern Methodist,USA,2018,2,54,32,9.5,2.1,2.2,1.4,1.80%,9.50%,19.40%,63.30%,17.00%
Shamorie Ponds,HOU,22,1-Jun,180,None,USA,Undrafted,Undrafted,Undrafted,4,2.3,0.3,0.5,-5.5,0.00%,16.70%,22.20%,76.50%,40.00%
Shaquille Harrison,CHI,26,7-Jun,190,Tulsa,USA,Undrafted,Undrafted,Undrafted,43,4.9,2,1.1,6.8,4.20%,13.90%,17.60%,55.90%,14.70%
Skal Labissiere,ATL,24,10-Jun,235,Kentucky,Haiti,2016,1,28,33,5.8,5.1,1.3,1.3,10.50%,15.50%,13.90%,58.80%,10.60%
Solomon Hill,MIA,29,6-Jun,226,Arizona,USA,2013,1,23,54,5.4,2.9,1.8,-1.6,2.70%,12.00%,13.20%,54.20%,12.60%
Spencer Dinwiddie,BKN,27,5-Jun,215,Colorado,USA,2014,2,38,64,20.6,3.5,6.8,1.1,1.50%,8.50%,28.70%,54.10%,34.40%
Stanley Johnson,TOR,24,6-Jun,242,Arizona,USA,2015,1,8,20,1.2,1.1,0.4,-4.9,2.80%,16.20%,17.70%,34.20%,12.90%
Stanton Kidd,UTA,28,6-Jun,216,Colorado State,USA,Undrafted,Undrafted,Undrafted,4,0,0.8,0.3,2.3,0.00%,15.80%,13.90%,0.00%,10.00%
Stephen Curry,GSW,32,3-Jun,185,Davidson,USA,2009,1,7,5,20.8,5.2,6.6,-15.3,2.30%,16.20%,28.60%,55.70%,35.50%
Sterling Brown,MIL,25,5-Jun,219,Southern Methodist,USA,2017,2,46,45,5,3.7,1,5.3,3.90%,17.30%,16.00%,47.80%,9.60%
Steven Adams,OKC,26,11-Jun,265,Pittsburgh,New Zealand,2013,1,12,58,10.9,9.4,2.4,4.4,13.00%,21.10%,16.60%,60.50%,13.20%
Svi Mykhailiuk,DET,23,7-Jun,205,Kansas,Ukraine,2018,2,47,56,9,1.9,1.9,-0.6,1.30%,7.10%,16.50%,57.80%,12.00%
T.J. McConnell,IND,28,1-Jun,190,Arizona,USA,Undrafted,Undrafted,Undrafted,63,6.5,2.6,5,0.7,2.70%,10.40%,16.50%,54.10%,35.60%
T.J. Warren,IND,26,8-Jun,220,North Carolina State,USA,2014,1,14,61,18.7,4,1.4,1.4,3.10%,8.80%,22.40%,59.90%,7.00%
TJ Leaf,IND,23,10-Jun,222,UCLA,USA,2017,1,18,25,2.9,2.6,0.2,-1.8,9.90%,18.40%,17.00%,48.50%,4.50%
Tacko Fall,BOS,24,5-Jul,311,None,Senegal,Undrafted,Undrafted,Undrafted,6,3.2,1.8,0,12.7,0.00%,36.70%,28.10%,71.30%,0.00%
Taj Gibson,NYK,35,9-Jun,232,USC,USA,2009,1,26,62,6.1,4.3,0.8,-12.5,9.80%,15.80%,14.50%,61.00%,7.70%
Talen Horton-Tucker,LAL,19,4-Jun,234,Iowa State,USA,2019,2,46,2,0,0,1,-64.4,0.00%,0.00%,10.00%,0.00%,100%
Tariq Owens,PHX,25,10-Jun,205,Texas Tech,USA,Undrafted,Undrafted,Undrafted,3,1.3,1,0,-43.4,10.50%,6.70%,17.10%,34.00%,0.00%
Taurean Prince,BKN,26,7-Jun,218,Baylor,USA,2016,1,12,64,12.1,6,1.8,1.3,2.40%,16.20%,20.00%,49.70%,9.00%
Terance Mann,LAC,23,5-Jun,215,Florida State,USA,2019,2,48,35,1.6,0.9,1.1,1.2,1.40%,9.80%,10.90%,47.20%,18.50%
Terence Davis,TOR,23,4-Jun,201,None,USA,Undrafted,Undrafted,Undrafted,64,7.7,3.4,1.7,10,4.10%,13.90%,18.00%,59.80%,14.50%
Terrance Ferguson,OKC,22,6-Jun,190,None,USA,2017,1,21,50,4.2,1.5,0.9,-3,2.10%,4.10%,9.10%,50.40%,5.20%
Terrence Ross,ORL,29,6-Jun,206,Washington,USA,2012,1,8,63,14.8,3.2,1.2,-2.8,0.70%,10.70%,21.70%,54.80%,7.20%
Terry Rozier,CHA,26,1-Jun,190,Louisville,USA,2015,1,16,63,18,4.4,4.1,-9,2.20%,10.70%,23.20%,55.30%,20.90%
Thabo Sefolosha,HOU,36,6-Jun,215,None,Switzerland,2006,1,13,41,2.2,2.3,0.6,3.9,4.30%,15.20%,10.00%,48.70%,7.40%
Thaddeus Young,CHI,32,8-Jun,235,Georgia Tech,USA,2007,1,12,64,10.3,4.9,1.8,-6.2,5.40%,14.50%,19.20%,52.10%,11.30%
Thanasis Antetokounmpo,MIL,27,6-Jun,219,None,Greece,2014,2,51,18,2.5,1.1,0.5,-12.6,11.00%,7.30%,21.90%,52.80%,15.80%
Theo Pinson,NYK,24,5-Jun,212,None,USA,Undrafted,Undrafted,Undrafted,33,3.6,1.6,1.7,-4.6,2.40%,10.10%,21.80%,37.00%,24.00%
Thomas Bryant,WAS,22,10-Jun,248,Indiana,USA,2017,2,42,38,12.1,6.8,1.9,-7,8.10%,20.20%,18.00%,65.90%,11.20%
Thon Maker,DET,23,Jul-00,221,None,South Sudan,2016,1,10,60,4.7,2.8,0.7,-8,6.90%,15.20%,16.00%,58.20%,8.80%
Tim Frazier,DET,29,Jun-00,170,None,USA,Undrafted,Undrafted,Undrafted,27,3.6,1.2,3.4,-6.9,2.40%,7.10%,17.10%,46.40%,39.10%
Tim Hardaway Jr.,DAL,28,5-Jun,205,Michigan,USA,2013,1,24,63,15.8,3.1,2,8,1.20%,8.60%,20.90%,58.10%,10.00%
Timothe Luwawu-Cabarrot,BKN,25,7-Jun,220,None,France,2016,1,24,39,6.3,2.3,0.6,-3.8,3.10%,8.50%,15.30%,56.30%,5.80%
Tobias Harris,PHI,27,8-Jun,226,Tennessee,USA,2011,1,19,65,19.4,6.8,3.2,3,2.40%,17.10%,23.40%,55.70%,14.50%
Tomas Satoransky,CHI,28,7-Jun,210,None,Czech Republi...,2012,2,32,65,9.9,3.9,5.4,-1.5,4.00%,10.10%,16.50%,53.30%,26.90%
Tony Bradley,UTA,22,10-Jun,248,North Carolina,USA,2017,1,28,50,4.7,4.3,0.3,3.3,16.00%,22.00%,15.00%,67.50%,4.60%
Tony Snell,DET,28,6-Jun,213,,USA,2013,1,20,59,8,1.9,2.2,-5.5,0.50%,6.40%,11.00%,59.80%,11.00%
Torrey Craig,DEN,29,7-Jun,221,South Carolina Upstate,USA,Undrafted,Undrafted,Undrafted,50,5,3.1,0.7,-5.4,5.40%,12.20%,11.80%,55.90%,5.50%
Trae Young,ATL,21,1-Jun,180,Oklahoma,USA,2018,1,5,60,29.6,4.3,9.3,-4.9,1.40%,10.00%,33.90%,59.50%,42.30%
Tremont Waters,BOS,22,10-May,175,Louisiana State,USA,2019,2,51,10,3.3,0.9,1.2,14.8,0.00%,8.90%,21.60%,43.80%,18.50%
Treveon Graham,ATL,26,5-Jun,219,Va Commonwealth,USA,Undrafted,Undrafted,Undrafted,55,4.4,2.7,0.8,-6.2,5.00%,9.90%,13.00%,45.60%,6.90%
Trevor Ariza,POR,35,8-Jun,215,UCLA,USA,2004,2,43,53,8,4.6,1.7,-0.3,2.20%,13.70%,11.70%,59.30%,8.10%
Trey Burke,DAL,27,Jun-00,185,Michigan,USA,2013,1,9,25,5.9,1.4,2.1,4.8,4.50%,6.10%,18.80%,54.50%,23.80%
Trey Lyles,SAS,24,9-Jun,234,Kentucky,USA,2015,1,12,63,6.4,5.7,1.1,-2.4,5.60%,22.80%,13.60%,55.70%,7.20%
Tristan Thompson,CLE,29,9-Jun,254,Texas,Canada,2011,1,4,57,12,10.1,2.1,-10.1,12.60%,20.70%,18.10%,54.00%,10.60%
Troy Brown Jr.,WAS,20,6-Jun,215,Oregon,USA,2018,1,15,61,9.7,5.3,2.3,-4.8,3.90%,17.10%,16.60%,53.40%,13.10%
Troy Daniels,DEN,28,4-Jun,200,Va Commonwealth,USA,Undrafted,Undrafted,Undrafted,42,4.1,1.1,0.3,0,2.40%,6.70%,15.50%,52.40%,4.50%
Ty Jerome,PHX,22,5-Jun,195,Virginia,USA,2019,1,24,28,3.5,1.5,1.5,-14.9,1.70%,11.50%,16.60%,43.70%,22.50%
Tyler Cook,DEN,22,8-Jun,255,None,USA,Undrafted,Undrafted,Undrafted,11,1.7,0.9,0.1,-12.5,10.50%,18.80%,16.90%,75.20%,5.00%
Tyler Herro,MIA,20,5-Jun,195,Kentucky,USA,2019,1,13,47,12.9,4,1.9,-1.7,1.10%,12.60%,21.00%,53.40%,11.60%
Tyler Johnson,BKN,28,3-Jun,186,Fresno State,USA,Undrafted,Undrafted,Undrafted,31,5.7,1.7,1.6,-8.1,1.80%,7.60%,16.90%,48.10%,14.90%
Tyrone Wallace,MIN,26,5-Jun,198,California,USA,2016,2,60,14,2.9,1.6,0.9,-8.3,1.60%,12.30%,15.40%,38.90%,12.30%
Tyson Chandler,HOU,37,Jul-00,235,None,USA,2001,1,2,26,1.3,2.5,0.2,5.7,9.70%,17.20%,5.70%,71.70%,3.70%
Tyus Jones,MEM,24,Jun-00,196,Duke,USA,2015,1,24,65,7.4,1.6,4.4,-2.3,0.70%,7.10%,16.50%,53.20%,31.40%
Udonis Haslem,MIA,40,8-Jun,235,Florida,USA,Undrafted,Undrafted,Undrafted,3,1.7,2.7,0.3,-30.6,0.00%,42.10%,18.20%,32.20%,10.00%
Vic Law,ORL,24,7-Jun,201,Northwestern,USA,Undrafted,Undrafted,Undrafted,5,0,0.2,0,-19.9,0.00%,11.10%,16.00%,0.00%,0.00%
Victor Oladipo,IND,28,4-Jun,213,Indiana,USA,2013,1,2,13,13.8,3.2,3,-0.5,2.10%,9.40%,26.50%,50.00%,17.60%
Vince Carter,ATL,43,6-Jun,220,North Carolina,USA,1998,1,5,60,5,2.1,0.8,-8.1,1.90%,11.40%,16.30%,47.00%,8.10%
Vincent Poirier,BOS,26,Jul-00,235,None,France,Undrafted,Undrafted,Undrafted,21,1.9,1.6,0.3,-3.8,8.70%,18.00%,14.70%,54.00%,8.40%
Vlatko Cancar,DEN,23,8-Jun,236,None,Slovenia,2017,2,49,14,1.2,0.7,0.2,-6,10.90%,11.90%,17.70%,50.70%,8.60%
Wayne Ellington,NYK,32,4-Jun,207,North Carolina,USA,2009,1,28,36,5.1,1.8,1.2,-3.1,0.70%,10.40%,14.60%,50.90%,11.70%
Wendell Carter Jr.,CHI,21,9-Jun,270,Duke,USA,2018,1,7,43,11.3,9.4,1.2,-0.5,10.20%,21.60%,16.20%,59.00%,6.20%
Wenyen Gabriel,POR,23,9-Jun,205,Kentucky,Sudan,Undrafted,Undrafted,Undrafted,28,2.1,1.6,0.3,-8.8,7.60%,15.20%,13.20%,54.70%,5.30%
Wes Iwundu,ORL,25,6-Jun,195,Kansas State,USA,2017,2,33,45,5.3,2.5,1,0.4,2.60%,10.90%,12.80%,52.10%,7.90%
Wesley Matthews,MIL,33,4-Jun,220,Marquette,USA,Undrafted,Undrafted,Undrafted,62,7.5,2.6,1.5,12,1.30%,7.60%,12.50%,54.50%,7.40%
Will Barton,DEN,29,5-Jun,181,Memphis,USA,2012,2,40,58,15.1,6.3,3.7,5.8,4.00%,14.70%,19.70%,54.90%,15.70%
William Howard,HOU,26,8-Jun,207,None,France,Undrafted,Undrafted,Undrafted,2,0,1,0.5,-51.3,0.00%,25.00%,15.20%,0.00%,20.00%
Willie Cauley-Stein,DAL,26,Jul-00,240,Kentucky,USA,2015,1,6,54,7.2,5.8,1.3,-5.5,7.20%,20.20%,14.40%,58.90%,9.80%
Willy Hernangomez,CHA,26,11-Jun,250,None,Spain,2015,2,35,31,6.1,4.3,0.9,-2.6,10.50%,24.30%,22.20%,57.60%,13.60%
Wilson Chandler,BKN,33,8-Jun,235,DePaul,USA,2007,1,23,35,5.9,4.1,1.1,-6.4,1.40%,16.40%,12.80%,53.10%,8.00%
Yogi Ferrell,SAC,27,Jun-00,178,Indiana,USA,Undrafted,Undrafted,Undrafted,44,4.2,1.1,1.3,-3.3,1.20%,9.10%,18.20%,49.90%,19.00%
Yuta Watanabe,MEM,25,8-Jun,215,George Washington,Japan,Undrafted,Undrafted,Undrafted,16,1.9,1.1,0.3,1.4,5.30%,11.10%,13.80%,46.10%,5.40%
Zach Collins,POR,22,11-Jun,250,Gonzaga,USA,2017,1,10,3,9,4,2,13.1,5.60%,8.20%,13.90%,62.40%,8.30%
Zach LaVine,CHI,25,6-Jun,200,UCLA,USA,2014,1,13,60,25.5,4.8,4.2,-4.4,1.90%,12.50%,31.20%,56.80%,21.80%
Zach Norvell Jr.,LAL,22,5-Jun,205,None,USA,Undrafted,Undrafted,Undrafted,5,2,1.2,0.6,-32.3,0.00%,20.70%,14.70%,40.20%,9.10%
Zhaire Smith,PHI,21,3-Jun,205,Texas Tech,USA,2018,1,16,7,1.1,0.3,0.3,-12.3,0.00%,8.00%,16.50%,31.30%,8.30%
Zion Williamson,NOP,19,6-Jun,284,Duke,USA,2019,1,1,19,23.6,6.8,2.2,10.4,9.30%,11.40%,28.20%,62.40%,11.10%
Zylan Cheatham,NOP,24,5-Jun,220,None,USA,Undrafted,Undrafted,Undrafted,3,1.3,2,0.7,-43.9,3.10%,15.20%,11.40%,40.00%,13.30%
,,,,,,,,,,,,,,,,,,,
,,,,,,,,,,,,,,,,,,,
,,,,,,,,,,,,,,,,,,,
,,,,,,,,,,,,,,,,,,,
,,,,,,,,,,,,,,,,,,,
,,,,,,,,,,,,,,,,,,,